unit_id,timestamp,meter_reading
SL-001,2026-09-27 13:00:00,92.29863
SL-001,2026-09-27 14:00:00,92.997285
SL-001,2026-09-27 15:00:00,97.157482
SL-001,2026-09-27 16:00:00,98.496976
SL-001,2026-09-27 17:00:00,104.487534
SL-001,2026-09-27 18:00:00,110.84224
SL-001,2026-09-27 19:00:00,107.355075
SL-001,2026-09-27 20:00:00,108.326601
SL-001,2026-09-27 21:00:00,112.255239
SL-001,2026-09-27 22:00:00,111.642217
SL-001,2026-09-27 23:00:00,109.863909
SL-001,2026-09-28 00:00:00,104.979942
SL-001,2026-09-28 01:00:00,105.263443
SL-001,2026-09-28 02:00:00,104.525651
SL-001,2026-09-28 03:00:00,95.190391
SL-001,2026-09-28 04:00:00,94.53517
SL-001,2026-09-28 05:00:00,87.004751
SL-001,2026-09-28 06:00:00,85.961602
SL-001,2026-09-28 07:00:00,81.932401
SL-001,2026-09-28 08:00:00,85.035205
SL-001,2026-09-28 09:00:00,80.981872
SL-001,2026-09-28 10:00:00,85.4563
SL-001,2026-09-28 11:00:00,85.784003
SL-001,2026-09-28 12:00:00,86.18034
SL-001,2026-09-28 13:00:00,81.266262
SL-001,2026-09-28 14:00:00,89.771858
SL-001,2026-09-28 15:00:00,94.124234
SL-001,2026-09-28 16:00:00,97.595399
SL-001,2026-09-28 17:00:00,95.541463
SL-001,2026-09-28 18:00:00,101.260151
SL-001,2026-09-28 19:00:00,101.820778
SL-001,2026-09-28 20:00:00,103.744678
SL-001,2026-09-28 21:00:00,110.015714
SL-001,2026-09-28 22:00:00,104.265926
SL-001,2026-09-28 23:00:00,105.642175
SL-001,2026-09-29 00:00:00,106.697016
SL-001,2026-09-29 01:00:00,99.958536
SL-001,2026-09-29 02:00:00,98.553507
SL-001,2026-09-29 03:00:00,96.098998
SL-001,2026-09-29 04:00:00,92.744466
SL-001,2026-09-29 05:00:00,85.783579
SL-001,2026-09-29 06:00:00,86.918732
SL-001,2026-09-29 07:00:00,88.508333
SL-001,2026-09-29 08:00:00,78.191693
SL-001,2026-09-29 09:00:00,84.577466
SL-001,2026-09-29 10:00:00,82.342029
SL-001,2026-09-29 11:00:00,80.860871
SL-001,2026-09-29 12:00:00,90.347522
SL-001,2026-09-29 13:00:00,88.845417
SL-001,2026-09-29 14:00:00,85.672282
SL-001,2026-09-29 15:00:00,92.518575
SL-001,2026-09-29 16:00:00,97.156668
SL-001,2026-09-29 17:00:00,97.885049
SL-001,2026-09-29 18:00:00,103.212413
SL-001,2026-09-29 19:00:00,103.179941
SL-001,2026-09-29 20:00:00,106.950902
SL-001,2026-09-29 21:00:00,110.083077
SL-001,2026-09-29 22:00:00,103.754046
SL-001,2026-09-29 23:00:00,105.60094
SL-001,2026-09-30 00:00:00,102.066034
SL-001,2026-09-30 01:00:00,101.664402
SL-001,2026-09-30 02:00:00,95.062035
SL-001,2026-09-30 03:00:00,93.926824
SL-001,2026-09-30 04:00:00,92.023915
SL-001,2026-09-30 05:00:00,92.376598
SL-001,2026-09-30 06:00:00,90.509406
SL-001,2026-09-30 07:00:00,81.006039
SL-001,2026-09-30 08:00:00,81.154529
SL-001,2026-09-30 09:00:00,84.804941
SL-001,2026-09-30 10:00:00,77.029994
SL-001,2026-09-30 11:00:00,82.576
SL-001,2026-09-30 12:00:00,85.389932
SL-001,2026-09-30 13:00:00,91.818626
SL-001,2026-09-30 14:00:00,92.978646
SL-001,2026-09-30 15:00:00,93.102718
SL-001,2026-09-30 16:00:00,96.256749
SL-001,2026-09-30 17:00:00,99.780523
SL-001,2026-09-30 18:00:00,107.954913
SL-001,2026-09-30 19:00:00,104.453884
SL-001,2026-09-30 20:00:00,106.531108
SL-001,2026-09-30 21:00:00,109.449304
SL-001,2026-09-30 22:00:00,108.170116
SL-001,2026-09-30 23:00:00,107.274586
SL-001,2026-10-01 00:00:00,103.108169
SL-001,2026-10-01 01:00:00,104.357757
SL-001,2026-10-01 02:00:00,100.513561
SL-001,2026-10-01 03:00:00,102.490255
SL-001,2026-10-01 04:00:00,98.000716
SL-001,2026-10-01 05:00:00,93.133831
SL-001,2026-10-01 06:00:00,92.696915
SL-001,2026-10-01 07:00:00,87.662062
SL-001,2026-10-01 08:00:00,90.481719
SL-001,2026-10-01 09:00:00,86.711453
SL-001,2026-10-01 10:00:00,88.691957
SL-001,2026-10-01 11:00:00,84.093019
SL-001,2026-10-01 12:00:00,90.782059
SL-001,2026-10-01 13:00:00,87.097555
SL-001,2026-10-01 14:00:00,88.967637
SL-001,2026-10-01 15:00:00,97.3769
SL-001,2026-10-01 16:00:00,98.905565
SL-001,2026-10-01 17:00:00,105.297104
SL-001,2026-10-01 18:00:00,114.41742
SL-001,2026-10-01 19:00:00,107.56059
SL-001,2026-10-01 20:00:00,109.901056
SL-001,2026-10-01 21:00:00,113.345366
SL-001,2026-10-01 22:00:00,114.349898
SL-001,2026-10-01 23:00:00,111.670397
SL-001,2026-10-02 00:00:00,110.154441
SL-001,2026-10-02 01:00:00,110.804213
SL-001,2026-10-02 02:00:00,107.685151
SL-001,2026-10-02 03:00:00,100.142601
SL-001,2026-10-02 04:00:00,100.02035
SL-001,2026-10-02 05:00:00,97.487355
SL-001,2026-10-02 06:00:00,91.656501
SL-001,2026-10-02 07:00:00,93.536548
SL-001,2026-10-02 08:00:00,88.768307
SL-001,2026-10-02 09:00:00,93.596547
SL-001,2026-10-02 10:00:00,91.403073
SL-001,2026-10-02 11:00:00,92.041544
SL-001,2026-10-02 12:00:00,91.696434
SL-001,2026-10-02 13:00:00,95.448198
SL-001,2026-10-02 14:00:00,92.631513
SL-001,2026-10-02 15:00:00,98.351537
SL-001,2026-10-02 16:00:00,106.048764
SL-001,2026-10-02 17:00:00,101.668918
SL-001,2026-10-02 18:00:00,113.362879
SL-001,2026-10-02 19:00:00,107.843214
SL-001,2026-10-02 20:00:00,116.950454
SL-001,2026-10-02 21:00:00,112.977556
SL-001,2026-10-02 22:00:00,117.866372
SL-001,2026-10-02 23:00:00,115.120937
SL-001,2026-10-03 00:00:00,108.556588
SL-001,2026-10-03 01:00:00,114.702174
SL-001,2026-10-03 02:00:00,112.568338
SL-001,2026-10-03 03:00:00,105.020925
SL-001,2026-10-03 04:00:00,101.265017
SL-001,2026-10-03 05:00:00,98.582369
SL-001,2026-10-03 06:00:00,93.424226
SL-001,2026-10-03 07:00:00,97.429633
SL-001,2026-10-03 08:00:00,90.93553
SL-001,2026-10-03 09:00:00,91.592285
SL-001,2026-10-03 10:00:00,89.352444
SL-001,2026-10-03 11:00:00,90.643622
SL-001,2026-10-03 12:00:00,90.224233
SL-001,2026-10-03 13:00:00,100.001976
SL-001,2026-10-03 14:00:00,98.427484
SL-001,2026-10-03 15:00:00,104.746402
SL-001,2026-10-03 16:00:00,104.940836
SL-001,2026-10-03 17:00:00,105.749848
SL-001,2026-10-03 18:00:00,109.45957
SL-001,2026-10-03 19:00:00,110.85605
SL-001,2026-10-03 20:00:00,113.998786
SL-001,2026-10-03 21:00:00,113.523334
SL-001,2026-10-03 22:00:00,113.606347
SL-001,2026-10-03 23:00:00,109.412131
SL-001,2026-10-04 00:00:00,109.411035
SL-001,2026-10-04 01:00:00,114.427957
SL-001,2026-10-04 02:00:00,104.589232
SL-001,2026-10-04 03:00:00,100.266726
SL-001,2026-10-04 04:00:00,101.162868
SL-001,2026-10-04 05:00:00,101.204073
SL-001,2026-10-04 06:00:00,89.766968
SL-001,2026-10-04 07:00:00,91.149841
SL-001,2026-10-04 08:00:00,88.175059
SL-001,2026-10-04 09:00:00,83.83877
SL-001,2026-10-04 10:00:00,91.185718
SL-001,2026-10-04 11:00:00,89.576595
SL-001,2026-10-04 12:00:00,91.277321
SL-001,2026-10-04 13:00:00,90.86411
SL-001,2026-10-04 14:00:00,97.033413
SL-001,2026-10-04 15:00:00,96.903602
SL-001,2026-10-04 16:00:00,101.043206
SL-001,2026-10-04 17:00:00,100.982321
SL-001,2026-10-04 18:00:00,103.173286
SL-001,2026-10-04 19:00:00,112.83829
SL-001,2026-10-04 20:00:00,108.666712
SL-001,2026-10-04 21:00:00,111.660754
SL-001,2026-10-04 22:00:00,110.470184
SL-001,2026-10-04 23:00:00,108.224231
SL-001,2026-10-05 00:00:00,106.247463
SL-001,2026-10-05 01:00:00,107.241446
SL-001,2026-10-05 02:00:00,101.534138
SL-001,2026-10-05 03:00:00,98.768704
SL-001,2026-10-05 04:00:00,95.974682
SL-001,2026-10-05 05:00:00,96.237944
SL-001,2026-10-05 06:00:00,91.871749
SL-001,2026-10-05 07:00:00,88.605407
SL-001,2026-10-05 08:00:00,84.049764
SL-001,2026-10-05 09:00:00,80.638305
SL-001,2026-10-05 10:00:00,87.491097
SL-001,2026-10-05 11:00:00,88.213092
SL-001,2026-10-05 12:00:00,86.319008
SL-001,2026-10-05 13:00:00,90.442192
SL-001,2026-10-05 14:00:00,93.732266
SL-001,2026-10-05 15:00:00,96.763291
SL-001,2026-10-05 16:00:00,100.019622
SL-001,2026-10-05 17:00:00,98.765018
SL-001,2026-10-05 18:00:00,107.23833
SL-001,2026-10-05 19:00:00,101.016556
SL-001,2026-10-05 20:00:00,108.756359
SL-001,2026-10-05 21:00:00,108.314814
SL-001,2026-10-05 22:00:00,109.309387
SL-001,2026-10-05 23:00:00,111.376765
SL-001,2026-10-06 00:00:00,108.497183
SL-001,2026-10-06 01:00:00,98.273807
SL-001,2026-10-06 02:00:00,93.822598
SL-001,2026-10-06 03:00:00,98.218273
SL-001,2026-10-06 04:00:00,89.508083
SL-001,2026-10-06 05:00:00,89.42153
SL-001,2026-10-06 06:00:00,89.209494
SL-001,2026-10-06 07:00:00,79.50047
SL-001,2026-10-06 08:00:00,76.503186
SL-001,2026-10-06 09:00:00,82.777215
SL-001,2026-10-06 10:00:00,82.117125
SL-001,2026-10-06 11:00:00,82.047873
SL-001,2026-10-06 12:00:00,84.461877
SL-001,2026-10-06 13:00:00,83.977091
SL-001,2026-10-06 14:00:00,84.729666
SL-001,2026-10-06 15:00:00,91.795061
SL-001,2026-10-06 16:00:00,92.511473
SL-001,2026-10-06 17:00:00,93.520951
SL-001,2026-10-06 18:00:00,102.680725
SL-001,2026-10-06 19:00:00,103.195297
SL-001,2026-10-06 20:00:00,106.168745
SL-001,2026-10-06 21:00:00,102.799624
SL-001,2026-10-06 22:00:00,103.806856
SL-001,2026-10-06 23:00:00,101.994395
SL-001,2026-10-07 00:00:00,100.796031
SL-001,2026-10-07 01:00:00,101.868821
SL-001,2026-10-07 02:00:00,96.274695
SL-001,2026-10-07 03:00:00,96.732927
SL-001,2026-10-07 04:00:00,93.631771
SL-001,2026-10-07 05:00:00,95.75579
SL-001,2026-10-07 06:00:00,82.895373
SL-001,2026-10-07 07:00:00,87.640329
SL-001,2026-10-07 08:00:00,83.269993
SL-001,2026-10-07 09:00:00,82.822141
SL-001,2026-10-07 10:00:00,78.657661
SL-001,2026-10-07 11:00:00,82.584929
SL-001,2026-10-07 12:00:00,87.911384
SL-002,2026-09-27 13:00:00,91.74531
SL-002,2026-09-27 14:00:00,98.018487
SL-002,2026-09-27 15:00:00,95.695039
SL-002,2026-09-27 16:00:00,89.559245
SL-002,2026-09-27 17:00:00,93.665209
SL-002,2026-09-27 18:00:00,88.635062
SL-002,2026-09-27 19:00:00,82.898411
SL-002,2026-09-27 20:00:00,88.623735
SL-002,2026-09-27 21:00:00,91.402221
SL-002,2026-09-27 22:00:00,84.557677
SL-002,2026-09-27 23:00:00,77.953445
SL-002,2026-09-28 00:00:00,75.953362
SL-002,2026-09-28 01:00:00,79.913578
SL-002,2026-09-28 02:00:00,75.344617
SL-002,2026-09-28 03:00:00,74.089778
SL-002,2026-09-28 04:00:00,73.654097
SL-002,2026-09-28 05:00:00,74.609127
SL-002,2026-09-28 06:00:00,78.36077
SL-002,2026-09-28 07:00:00,79.731556
SL-002,2026-09-28 08:00:00,81.389778
SL-002,2026-09-28 09:00:00,80.64603
SL-002,2026-09-28 10:00:00,88.501575
SL-002,2026-09-28 11:00:00,88.0578
SL-002,2026-09-28 12:00:00,96.273148
SL-002,2026-09-28 13:00:00,91.605763
SL-002,2026-09-28 14:00:00,96.817526
SL-002,2026-09-28 15:00:00,98.283407
SL-002,2026-09-28 16:00:00,94.599434
SL-002,2026-09-28 17:00:00,103.183699
SL-002,2026-09-28 18:00:00,101.059324
SL-002,2026-09-28 19:00:00,93.255934
SL-002,2026-09-28 20:00:00,94.377721
SL-002,2026-09-28 21:00:00,90.237978
SL-002,2026-09-28 22:00:00,78.125602
SL-002,2026-09-28 23:00:00,83.619626
SL-002,2026-09-29 00:00:00,79.834211
SL-002,2026-09-29 01:00:00,77.857867
SL-002,2026-09-29 02:00:00,72.569763
SL-002,2026-09-29 03:00:00,73.907266
SL-002,2026-09-29 04:00:00,73.889033
SL-002,2026-09-29 05:00:00,78.506482
SL-002,2026-09-29 06:00:00,77.234428
SL-002,2026-09-29 07:00:00,78.181703
SL-002,2026-09-29 08:00:00,85.291833
SL-002,2026-09-29 09:00:00,81.908949
SL-002,2026-09-29 10:00:00,85.438093
SL-002,2026-09-29 11:00:00,84.136995
SL-002,2026-09-29 12:00:00,97.014964
SL-002,2026-09-29 13:00:00,97.46822
SL-002,2026-09-29 14:00:00,98.978693
SL-002,2026-09-29 15:00:00,99.152791
SL-002,2026-09-29 16:00:00,97.588906
SL-002,2026-09-29 17:00:00,97.195655
SL-002,2026-09-29 18:00:00,94.301857
SL-002,2026-09-29 19:00:00,92.266292
SL-002,2026-09-29 20:00:00,90.308986
SL-002,2026-09-29 21:00:00,91.576746
SL-002,2026-09-29 22:00:00,85.431323
SL-002,2026-09-29 23:00:00,80.352782
SL-002,2026-09-30 00:00:00,75.804823
SL-002,2026-09-30 01:00:00,73.096462
SL-002,2026-09-30 02:00:00,77.873878
SL-002,2026-09-30 03:00:00,73.3767
SL-002,2026-09-30 04:00:00,71.647747
SL-002,2026-09-30 05:00:00,70.809062
SL-002,2026-09-30 06:00:00,69.697844
SL-002,2026-09-30 07:00:00,74.684574
SL-002,2026-09-30 08:00:00,79.910255
SL-002,2026-09-30 09:00:00,78.883783
SL-002,2026-09-30 10:00:00,82.318616
SL-002,2026-09-30 11:00:00,85.230419
SL-002,2026-09-30 12:00:00,88.860157
SL-002,2026-09-30 13:00:00,85.942668
SL-002,2026-09-30 14:00:00,91.596569
SL-002,2026-09-30 15:00:00,90.591153
SL-002,2026-09-30 16:00:00,95.85967
SL-002,2026-09-30 17:00:00,90.129725
SL-002,2026-09-30 18:00:00,92.631974
SL-002,2026-09-30 19:00:00,93.249801
SL-002,2026-09-30 20:00:00,84.966994
SL-002,2026-09-30 21:00:00,80.966477
SL-002,2026-09-30 22:00:00,80.042717
SL-002,2026-09-30 23:00:00,76.206457
SL-002,2026-10-01 00:00:00,70.232788
SL-002,2026-10-01 01:00:00,72.047165
SL-002,2026-10-01 02:00:00,74.773637
SL-002,2026-10-01 03:00:00,66.748075
SL-002,2026-10-01 04:00:00,66.512746
SL-002,2026-10-01 05:00:00,64.405645
SL-002,2026-10-01 06:00:00,69.697681
SL-002,2026-10-01 07:00:00,66.888212
SL-002,2026-10-01 08:00:00,69.746992
SL-002,2026-10-01 09:00:00,79.719328
SL-002,2026-10-01 10:00:00,76.149191
SL-002,2026-10-01 11:00:00,85.054858
SL-002,2026-10-01 12:00:00,89.07948
SL-002,2026-10-01 13:00:00,87.538108
SL-002,2026-10-01 14:00:00,90.070304
SL-002,2026-10-01 15:00:00,95.19284
SL-002,2026-10-01 16:00:00,88.877199
SL-002,2026-10-01 17:00:00,87.008924
SL-002,2026-10-01 18:00:00,83.277621
SL-002,2026-10-01 19:00:00,85.333134
SL-002,2026-10-01 20:00:00,86.976635
SL-002,2026-10-01 21:00:00,82.386018
SL-002,2026-10-01 22:00:00,73.487345
SL-002,2026-10-01 23:00:00,70.6052
SL-002,2026-10-02 00:00:00,68.777742
SL-002,2026-10-02 01:00:00,68.739756
SL-002,2026-10-02 02:00:00,65.435543
SL-002,2026-10-02 03:00:00,65.619747
SL-002,2026-10-02 04:00:00,65.598714
SL-002,2026-10-02 05:00:00,64.367763
SL-002,2026-10-02 06:00:00,66.483241
SL-002,2026-10-02 07:00:00,69.254959
SL-002,2026-10-02 08:00:00,70.9674
SL-002,2026-10-02 09:00:00,75.690479
SL-002,2026-10-02 10:00:00,82.928214
SL-002,2026-10-02 11:00:00,82.189352
SL-002,2026-10-02 12:00:00,83.431055
SL-002,2026-10-02 13:00:00,80.615296
SL-002,2026-10-02 14:00:00,88.64535
SL-002,2026-10-02 15:00:00,82.726525
SL-002,2026-10-02 16:00:00,84.630956
SL-002,2026-10-02 17:00:00,90.903585
SL-002,2026-10-02 18:00:00,89.169425
SL-002,2026-10-02 19:00:00,84.633682
SL-002,2026-10-02 20:00:00,77.44691
SL-002,2026-10-02 21:00:00,78.593129
SL-002,2026-10-02 22:00:00,74.639268
SL-002,2026-10-02 23:00:00,75.605129
SL-002,2026-10-03 00:00:00,77.747413
SL-002,2026-10-03 01:00:00,69.357435
SL-002,2026-10-03 02:00:00,64.715784
SL-002,2026-10-03 03:00:00,62.624116
SL-002,2026-10-03 04:00:00,65.855123
SL-002,2026-10-03 05:00:00,66.2023
SL-002,2026-10-03 06:00:00,64.769433
SL-002,2026-10-03 07:00:00,70.75384
SL-002,2026-10-03 08:00:00,69.683051
SL-002,2026-10-03 09:00:00,79.576932
SL-002,2026-10-03 10:00:00,82.705559
SL-002,2026-10-03 11:00:00,86.007958
SL-002,2026-10-03 12:00:00,84.316716
SL-002,2026-10-03 13:00:00,89.823971
SL-002,2026-10-03 14:00:00,89.819896
SL-002,2026-10-03 15:00:00,90.258792
SL-002,2026-10-03 16:00:00,90.819334
SL-002,2026-10-03 17:00:00,87.535114
SL-002,2026-10-03 18:00:00,85.925272
SL-002,2026-10-03 19:00:00,90.779653
SL-002,2026-10-03 20:00:00,85.41888
SL-002,2026-10-03 21:00:00,83.869747
SL-002,2026-10-03 22:00:00,83.286654
SL-002,2026-10-03 23:00:00,72.188948
SL-002,2026-10-04 00:00:00,72.398102
SL-002,2026-10-04 01:00:00,73.086171
SL-002,2026-10-04 02:00:00,72.155387
SL-002,2026-10-04 03:00:00,68.996304
SL-002,2026-10-04 04:00:00,73.163489
SL-002,2026-10-04 05:00:00,71.47153
SL-002,2026-10-04 06:00:00,68.740886
SL-002,2026-10-04 07:00:00,71.813087
SL-002,2026-10-04 08:00:00,79.790497
SL-002,2026-10-04 09:00:00,81.902156
SL-002,2026-10-04 10:00:00,78.116263
SL-002,2026-10-04 11:00:00,91.11246
SL-002,2026-10-04 12:00:00,91.862311
SL-002,2026-10-04 13:00:00,96.647489
SL-002,2026-10-04 14:00:00,93.403675
SL-002,2026-10-04 15:00:00,94.872338
SL-002,2026-10-04 16:00:00,92.781121
SL-002,2026-10-04 17:00:00,103.352215
SL-002,2026-10-04 18:00:00,94.015089
SL-002,2026-10-04 19:00:00,97.415326
SL-002,2026-10-04 20:00:00,88.272204
SL-002,2026-10-04 21:00:00,87.893065
SL-002,2026-10-04 22:00:00,79.40226
SL-002,2026-10-04 23:00:00,80.32248
SL-002,2026-10-05 00:00:00,81.726726
SL-002,2026-10-05 01:00:00,72.766507
SL-002,2026-10-05 02:00:00,78.088419
SL-002,2026-10-05 03:00:00,74.957493
SL-002,2026-10-05 04:00:00,70.68263
SL-002,2026-10-05 05:00:00,72.989134
SL-002,2026-10-05 06:00:00,74.567356
SL-002,2026-10-05 07:00:00,77.925296
SL-002,2026-10-05 08:00:00,79.134232
SL-002,2026-10-05 09:00:00,81.292771
SL-002,2026-10-05 10:00:00,86.054485
SL-002,2026-10-05 11:00:00,87.029872
SL-002,2026-10-05 12:00:00,89.123031
SL-002,2026-10-05 13:00:00,95.274386
SL-002,2026-10-05 14:00:00,99.879012
SL-002,2026-10-05 15:00:00,93.717367
SL-002,2026-10-05 16:00:00,98.583895
SL-002,2026-10-05 17:00:00,96.067915
SL-002,2026-10-05 18:00:00,93.746667
SL-002,2026-10-05 19:00:00,97.206998
SL-002,2026-10-05 20:00:00,90.508049
SL-002,2026-10-05 21:00:00,93.596855
SL-002,2026-10-05 22:00:00,83.626762
SL-002,2026-10-05 23:00:00,84.027938
SL-002,2026-10-06 00:00:00,79.336395
SL-002,2026-10-06 01:00:00,75.34615
SL-002,2026-10-06 02:00:00,77.563413
SL-002,2026-10-06 03:00:00,74.250359
SL-002,2026-10-06 04:00:00,76.233441
SL-002,2026-10-06 05:00:00,74.800325
SL-002,2026-10-06 06:00:00,72.973698
SL-002,2026-10-06 07:00:00,77.89216
SL-002,2026-10-06 08:00:00,80.860789
SL-002,2026-10-06 09:00:00,86.450081
SL-002,2026-10-06 10:00:00,83.887577
SL-002,2026-10-06 11:00:00,89.469271
SL-002,2026-10-06 12:00:00,87.14201
SL-002,2026-10-06 13:00:00,96.529702
SL-002,2026-10-06 14:00:00,92.9837
SL-002,2026-10-06 15:00:00,91.727017
SL-002,2026-10-06 16:00:00,97.08081
SL-002,2026-10-06 17:00:00,99.866243
SL-002,2026-10-06 18:00:00,90.484536
SL-002,2026-10-06 19:00:00,89.612986
SL-002,2026-10-06 20:00:00,87.91625
SL-002,2026-10-06 21:00:00,83.652767
SL-002,2026-10-06 22:00:00,84.902543
SL-002,2026-10-06 23:00:00,78.10606
SL-002,2026-10-07 00:00:00,75.378455
SL-002,2026-10-07 01:00:00,0.0
SL-002,2026-10-07 02:00:00,0.0
SL-002,2026-10-07 03:00:00,0.0
SL-002,2026-10-07 04:00:00,0.0
SL-002,2026-10-07 05:00:00,0.0
SL-002,2026-10-07 06:00:00,0.0
SL-002,2026-10-07 07:00:00,0.0
SL-002,2026-10-07 08:00:00,0.0
SL-002,2026-10-07 09:00:00,0.0
SL-002,2026-10-07 10:00:00,0.0
SL-002,2026-10-07 11:00:00,0.0
SL-002,2026-10-07 12:00:00,0.0
SL-003,2026-09-27 13:00:00,78.041115
SL-003,2026-09-27 14:00:00,78.723831
SL-003,2026-09-27 15:00:00,77.60551
SL-003,2026-09-27 16:00:00,84.506953
SL-003,2026-09-27 17:00:00,86.137585
SL-003,2026-09-27 18:00:00,82.852554
SL-003,2026-09-27 19:00:00,84.126003
SL-003,2026-09-27 20:00:00,90.111122
SL-003,2026-09-27 21:00:00,98.339153
SL-003,2026-09-27 22:00:00,88.596144
SL-003,2026-09-27 23:00:00,101.215936
SL-003,2026-09-28 00:00:00,98.496155
SL-003,2026-09-28 01:00:00,106.285462
SL-003,2026-09-28 02:00:00,100.616317
SL-003,2026-09-28 03:00:00,102.866799
SL-003,2026-09-28 04:00:00,98.261998
SL-003,2026-09-28 05:00:00,98.144631
SL-003,2026-09-28 06:00:00,102.871969
SL-003,2026-09-28 07:00:00,98.306042
SL-003,2026-09-28 08:00:00,91.444766
SL-003,2026-09-28 09:00:00,86.726092
SL-003,2026-09-28 10:00:00,80.437118
SL-003,2026-09-28 11:00:00,82.021723
SL-003,2026-09-28 12:00:00,80.682797
SL-003,2026-09-28 13:00:00,78.73788
SL-003,2026-09-28 14:00:00,77.674194
SL-003,2026-09-28 15:00:00,74.364707
SL-003,2026-09-28 16:00:00,78.117807
SL-003,2026-09-28 17:00:00,79.54658
SL-003,2026-09-28 18:00:00,85.535539
SL-003,2026-09-28 19:00:00,89.771761
SL-003,2026-09-28 20:00:00,86.591463
SL-003,2026-09-28 21:00:00,87.652287
SL-003,2026-09-28 22:00:00,92.609728
SL-003,2026-09-28 23:00:00,93.533357
SL-003,2026-09-29 00:00:00,95.192613
SL-003,2026-09-29 01:00:00,98.667252
SL-003,2026-09-29 02:00:00,96.387409
SL-003,2026-09-29 03:00:00,101.203051
SL-003,2026-09-29 04:00:00,98.131291
SL-003,2026-09-29 05:00:00,97.495217
SL-003,2026-09-29 06:00:00,93.847062
SL-003,2026-09-29 07:00:00,89.362657
SL-003,2026-09-29 08:00:00,85.530703
SL-003,2026-09-29 09:00:00,84.380267
SL-003,2026-09-29 10:00:00,80.264358
SL-003,2026-09-29 11:00:00,79.738993
SL-003,2026-09-29 12:00:00,76.645131
SL-003,2026-09-29 13:00:00,70.840123
SL-003,2026-09-29 14:00:00,74.153698
SL-003,2026-09-29 15:00:00,69.763681
SL-003,2026-09-29 16:00:00,72.600193
SL-003,2026-09-29 17:00:00,74.988815
SL-003,2026-09-29 18:00:00,71.728888
SL-003,2026-09-29 19:00:00,80.823706
SL-003,2026-09-29 20:00:00,83.924837
SL-003,2026-09-29 21:00:00,86.04336
SL-003,2026-09-29 22:00:00,88.199525
SL-003,2026-09-29 23:00:00,91.009447
SL-003,2026-09-30 00:00:00,91.375079
SL-003,2026-09-30 01:00:00,95.033987
SL-003,2026-09-30 02:00:00,94.978672
SL-003,2026-09-30 03:00:00,96.9023
SL-003,2026-09-30 04:00:00,92.200328
SL-003,2026-09-30 05:00:00,94.952524
SL-003,2026-09-30 06:00:00,92.46046
SL-003,2026-09-30 07:00:00,88.89232
SL-003,2026-09-30 08:00:00,84.970337
SL-003,2026-09-30 09:00:00,84.806185
SL-003,2026-09-30 10:00:00,75.120322
SL-003,2026-09-30 11:00:00,78.771068
SL-003,2026-09-30 12:00:00,75.891192
SL-003,2026-09-30 13:00:00,74.434153
SL-003,2026-09-30 14:00:00,73.914459
SL-003,2026-09-30 15:00:00,70.800383
SL-003,2026-09-30 16:00:00,72.798609
SL-003,2026-09-30 17:00:00,77.069943
SL-003,2026-09-30 18:00:00,78.694046
SL-003,2026-09-30 19:00:00,80.778041
SL-003,2026-09-30 20:00:00,78.699492
SL-003,2026-09-30 21:00:00,88.063828
SL-003,2026-09-30 22:00:00,93.075885
SL-003,2026-09-30 23:00:00,95.416397
SL-003,2026-10-01 00:00:00,95.425225
SL-003,2026-10-01 01:00:00,91.75013
SL-003,2026-10-01 02:00:00,100.204592
SL-003,2026-10-01 03:00:00,97.085266
SL-003,2026-10-01 04:00:00,89.273042
SL-003,2026-10-01 05:00:00,96.59184
SL-003,2026-10-01 06:00:00,88.923651
SL-003,2026-10-01 07:00:00,86.950035
SL-003,2026-10-01 08:00:00,86.056279
SL-003,2026-10-01 09:00:00,88.788659
SL-003,2026-10-01 10:00:00,80.969279
SL-003,2026-10-01 11:00:00,80.313586
SL-003,2026-10-01 12:00:00,82.657151
SL-003,2026-10-01 13:00:00,80.754396
SL-003,2026-10-01 14:00:00,74.976518
SL-003,2026-10-01 15:00:00,74.689058
SL-003,2026-10-01 16:00:00,72.57322
SL-003,2026-10-01 17:00:00,75.976889
SL-003,2026-10-01 18:00:00,81.698291
SL-003,2026-10-01 19:00:00,84.479553
SL-003,2026-10-01 20:00:00,86.817611
SL-003,2026-10-01 21:00:00,92.784464
SL-003,2026-10-01 22:00:00,90.701024
SL-003,2026-10-01 23:00:00,95.765745
SL-003,2026-10-02 00:00:00,100.554889
SL-003,2026-10-02 01:00:00,101.899062
SL-003,2026-10-02 02:00:00,104.393935
SL-003,2026-10-02 03:00:00,102.597593
SL-003,2026-10-02 04:00:00,99.891831
SL-003,2026-10-02 05:00:00,100.560644
SL-003,2026-10-02 06:00:00,94.465029
SL-003,2026-10-02 07:00:00,90.046728
SL-003,2026-10-02 08:00:00,93.876253
SL-003,2026-10-02 09:00:00,89.020042
SL-003,2026-10-02 10:00:00,87.257222
SL-003,2026-10-02 11:00:00,78.687394
SL-003,2026-10-02 12:00:00,80.621411
SL-003,2026-10-02 13:00:00,78.493894
SL-003,2026-10-02 14:00:00,77.026709
SL-003,2026-10-02 15:00:00,72.986892
SL-003,2026-10-02 16:00:00,79.689009
SL-003,2026-10-02 17:00:00,85.083388
SL-003,2026-10-02 18:00:00,85.883778
SL-003,2026-10-02 19:00:00,85.789407
SL-003,2026-10-02 20:00:00,90.717458
SL-003,2026-10-02 21:00:00,96.314972
SL-003,2026-10-02 22:00:00,88.944775
SL-003,2026-10-02 23:00:00,99.725769
SL-003,2026-10-03 00:00:00,104.107842
SL-003,2026-10-03 01:00:00,106.25601
SL-003,2026-10-03 02:00:00,110.286524
SL-003,2026-10-03 03:00:00,108.749542
SL-003,2026-10-03 04:00:00,105.62473
SL-003,2026-10-03 05:00:00,104.17072
SL-003,2026-10-03 06:00:00,103.542795
SL-003,2026-10-03 07:00:00,96.969503
SL-003,2026-10-03 08:00:00,95.544217
SL-003,2026-10-03 09:00:00,95.337952
SL-003,2026-10-03 10:00:00,95.536526
SL-003,2026-10-03 11:00:00,86.528608
SL-003,2026-10-03 12:00:00,84.686768
SL-003,2026-10-03 13:00:00,83.88902
SL-003,2026-10-03 14:00:00,86.529771
SL-003,2026-10-03 15:00:00,82.418484
SL-003,2026-10-03 16:00:00,87.732008
SL-003,2026-10-03 17:00:00,81.990942
SL-003,2026-10-03 18:00:00,86.547755
SL-003,2026-10-03 19:00:00,89.225164
SL-003,2026-10-03 20:00:00,95.208233
SL-003,2026-10-03 21:00:00,99.123283
SL-003,2026-10-03 22:00:00,94.494207
SL-003,2026-10-03 23:00:00,99.001607
SL-003,2026-10-04 00:00:00,104.985145
SL-003,2026-10-04 01:00:00,103.576562
SL-003,2026-10-04 02:00:00,101.804863
SL-003,2026-10-04 03:00:00,109.490791
SL-003,2026-10-04 04:00:00,107.041589
SL-003,2026-10-04 05:00:00,105.457432
SL-003,2026-10-04 06:00:00,100.308203
SL-003,2026-10-04 07:00:00,102.06558
SL-003,2026-10-04 08:00:00,95.174335
SL-003,2026-10-04 09:00:00,95.975807
SL-003,2026-10-04 10:00:00,86.8342
SL-003,2026-10-04 11:00:00,84.186879
SL-003,2026-10-04 12:00:00,85.027066
SL-003,2026-10-04 13:00:00,80.606505
SL-003,2026-10-04 14:00:00,83.786063
SL-003,2026-10-04 15:00:00,82.389901
SL-003,2026-10-04 16:00:00,79.497153
SL-003,2026-10-04 17:00:00,83.895047
SL-003,2026-10-04 18:00:00,84.682668
SL-003,2026-10-04 19:00:00,91.044809
SL-003,2026-10-04 20:00:00,89.277853
SL-003,2026-10-04 21:00:00,92.848262
SL-003,2026-10-04 22:00:00,100.688563
SL-003,2026-10-04 23:00:00,106.351836
SL-003,2026-10-05 00:00:00,107.720446
SL-003,2026-10-05 01:00:00,103.35403
SL-003,2026-10-05 02:00:00,104.506653
SL-003,2026-10-05 03:00:00,108.323422
SL-003,2026-10-05 04:00:00,102.407531
SL-003,2026-10-05 05:00:00,98.147357
SL-003,2026-10-05 06:00:00,99.065078
SL-003,2026-10-05 07:00:00,97.198857
SL-003,2026-10-05 08:00:00,90.162322
SL-003,2026-10-05 09:00:00,84.397915
SL-003,2026-10-05 10:00:00,81.808351
SL-003,2026-10-05 11:00:00,85.198981
SL-003,2026-10-05 12:00:00,78.500377
SL-003,2026-10-05 13:00:00,78.566002
SL-003,2026-10-05 14:00:00,78.593246
SL-003,2026-10-05 15:00:00,79.587558
SL-003,2026-10-05 16:00:00,77.311921
SL-003,2026-10-05 17:00:00,81.158748
SL-003,2026-10-05 18:00:00,78.993672
SL-003,2026-10-05 19:00:00,83.086419
SL-003,2026-10-05 20:00:00,83.929183
SL-003,2026-10-05 21:00:00,93.346506
SL-003,2026-10-05 22:00:00,92.723425
SL-003,2026-10-05 23:00:00,93.138298
SL-003,2026-10-06 00:00:00,96.362799
SL-003,2026-10-06 01:00:00,98.178017
SL-003,2026-10-06 02:00:00,101.618882
SL-003,2026-10-06 03:00:00,94.597822
SL-003,2026-10-06 04:00:00,95.331421
SL-003,2026-10-06 05:00:00,95.610871
SL-003,2026-10-06 06:00:00,101.9928
SL-003,2026-10-06 07:00:00,94.411457
SL-003,2026-10-06 08:00:00,88.040227
SL-003,2026-10-06 09:00:00,87.228094
SL-003,2026-10-06 10:00:00,88.082947
SL-003,2026-10-06 11:00:00,78.336057
SL-003,2026-10-06 12:00:00,75.559186
SL-003,2026-10-06 13:00:00,78.562874
SL-003,2026-10-06 14:00:00,75.43486
SL-003,2026-10-06 15:00:00,75.806262
SL-003,2026-10-06 16:00:00,72.924959
SL-003,2026-10-06 17:00:00,81.644485
SL-003,2026-10-06 18:00:00,83.083481
SL-003,2026-10-06 19:00:00,82.247027
SL-003,2026-10-06 20:00:00,85.524756
SL-003,2026-10-06 21:00:00,80.43565
SL-003,2026-10-06 22:00:00,91.385606
SL-003,2026-10-06 23:00:00,91.547932
SL-003,2026-10-07 00:00:00,95.606414
SL-003,2026-10-07 01:00:00,97.890467
SL-003,2026-10-07 02:00:00,95.612632
SL-003,2026-10-07 03:00:00,91.555798
SL-003,2026-10-07 04:00:00,96.91636
SL-003,2026-10-07 05:00:00,92.021603
SL-003,2026-10-07 06:00:00,91.040221
SL-003,2026-10-07 07:00:00,87.503479
SL-003,2026-10-07 08:00:00,85.263229
SL-003,2026-10-07 09:00:00,76.220603
SL-003,2026-10-07 10:00:00,83.764968
SL-003,2026-10-07 11:00:00,78.149746
SL-003,2026-10-07 12:00:00,78.496278
SL-004,2026-09-27 13:00:00,109.866837
SL-004,2026-09-27 14:00:00,112.880499
SL-004,2026-09-27 15:00:00,113.013662
SL-004,2026-09-27 16:00:00,116.902773
SL-004,2026-09-27 17:00:00,120.992644
SL-004,2026-09-27 18:00:00,117.493974
SL-004,2026-09-27 19:00:00,127.478942
SL-004,2026-09-27 20:00:00,124.864008
SL-004,2026-09-27 21:00:00,133.012014
SL-004,2026-09-27 22:00:00,134.100933
SL-004,2026-09-27 23:00:00,135.214105
SL-004,2026-09-28 00:00:00,136.948613
SL-004,2026-09-28 01:00:00,135.767745
SL-004,2026-09-28 02:00:00,134.948935
SL-004,2026-09-28 03:00:00,130.346358
SL-004,2026-09-28 04:00:00,133.205872
SL-004,2026-09-28 05:00:00,136.154314
SL-004,2026-09-28 06:00:00,133.4752
SL-004,2026-09-28 07:00:00,128.206072
SL-004,2026-09-28 08:00:00,123.067871
SL-004,2026-09-28 09:00:00,115.845606
SL-004,2026-09-28 10:00:00,119.539732
SL-004,2026-09-28 11:00:00,112.960423
SL-004,2026-09-28 12:00:00,111.549848
SL-004,2026-09-28 13:00:00,110.301867
SL-004,2026-09-28 14:00:00,111.689079
SL-004,2026-09-28 15:00:00,111.135199
SL-004,2026-09-28 16:00:00,113.924818
SL-004,2026-09-28 17:00:00,113.234888
SL-004,2026-09-28 18:00:00,118.087712
SL-004,2026-09-28 19:00:00,128.980538
SL-004,2026-09-28 20:00:00,124.858866
SL-004,2026-09-28 21:00:00,127.067777
SL-004,2026-09-28 22:00:00,131.687703
SL-004,2026-09-28 23:00:00,133.94394
SL-004,2026-09-29 00:00:00,129.500477
SL-004,2026-09-29 01:00:00,132.45516
SL-004,2026-09-29 02:00:00,135.252279
SL-004,2026-09-29 03:00:00,131.942785
SL-004,2026-09-29 04:00:00,129.432764
SL-004,2026-09-29 05:00:00,131.091329
SL-004,2026-09-29 06:00:00,121.357233
SL-004,2026-09-29 07:00:00,120.396762
SL-004,2026-09-29 08:00:00,115.354987
SL-004,2026-09-29 09:00:00,118.373103
SL-004,2026-09-29 10:00:00,105.451022
SL-004,2026-09-29 11:00:00,107.286957
SL-004,2026-09-29 12:00:00,106.416391
SL-004,2026-09-29 13:00:00,109.497615
SL-004,2026-09-29 14:00:00,109.652659
SL-004,2026-09-29 15:00:00,113.141261
SL-004,2026-09-29 16:00:00,106.067972
SL-004,2026-09-29 17:00:00,115.457823
SL-004,2026-09-29 18:00:00,115.154974
SL-004,2026-09-29 19:00:00,117.08094
SL-004,2026-09-29 20:00:00,123.742418
SL-004,2026-09-29 21:00:00,122.200639
SL-004,2026-09-29 22:00:00,121.162322
SL-004,2026-09-29 23:00:00,128.140356
SL-004,2026-09-30 00:00:00,125.912457
SL-004,2026-09-30 01:00:00,128.829829
SL-004,2026-09-30 02:00:00,131.451227
SL-004,2026-09-30 03:00:00,130.050576
SL-004,2026-09-30 04:00:00,131.953923
SL-004,2026-09-30 05:00:00,124.104272
SL-004,2026-09-30 06:00:00,117.214569
SL-004,2026-09-30 07:00:00,116.456501
SL-004,2026-09-30 08:00:00,112.887525
SL-004,2026-09-30 09:00:00,109.13524
SL-004,2026-09-30 10:00:00,111.656822
SL-004,2026-09-30 11:00:00,106.564718
SL-004,2026-09-30 12:00:00,101.434809
SL-004,2026-09-30 13:00:00,109.121752
SL-004,2026-09-30 14:00:00,107.185128
SL-004,2026-09-30 15:00:00,109.873793
SL-004,2026-09-30 16:00:00,111.117079
SL-004,2026-09-30 17:00:00,115.273433
SL-004,2026-09-30 18:00:00,116.482927
SL-004,2026-09-30 19:00:00,123.281999
SL-004,2026-09-30 20:00:00,124.055063
SL-004,2026-09-30 21:00:00,126.95357
SL-004,2026-09-30 22:00:00,129.597739
SL-004,2026-09-30 23:00:00,126.013577
SL-004,2026-10-01 00:00:00,131.200159
SL-004,2026-10-01 01:00:00,131.440942
SL-004,2026-10-01 02:00:00,132.553517
SL-004,2026-10-01 03:00:00,126.782579
SL-004,2026-10-01 04:00:00,133.986983
SL-004,2026-10-01 05:00:00,127.052502
SL-004,2026-10-01 06:00:00,120.358548
SL-004,2026-10-01 07:00:00,115.91486
SL-004,2026-10-01 08:00:00,117.254097
SL-004,2026-10-01 09:00:00,115.104092
SL-004,2026-10-01 10:00:00,110.908754
SL-004,2026-10-01 11:00:00,111.61438
SL-004,2026-10-01 12:00:00,108.401767
SL-004,2026-10-01 13:00:00,111.760932
SL-004,2026-10-01 14:00:00,108.533062
SL-004,2026-10-01 15:00:00,111.982909
SL-004,2026-10-01 16:00:00,117.1348
SL-004,2026-10-01 17:00:00,124.59033
SL-004,2026-10-01 18:00:00,116.936393
SL-004,2026-10-01 19:00:00,121.858895
SL-004,2026-10-01 20:00:00,124.023063
SL-004,2026-10-01 21:00:00,131.970975
SL-004,2026-10-01 22:00:00,128.837259
SL-004,2026-10-01 23:00:00,132.91116
SL-004,2026-10-02 00:00:00,135.647759
SL-004,2026-10-02 01:00:00,133.381452
SL-004,2026-10-02 02:00:00,133.207868
SL-004,2026-10-02 03:00:00,133.625325
SL-004,2026-10-02 04:00:00,127.015552
SL-004,2026-10-02 05:00:00,126.667917
SL-004,2026-10-02 06:00:00,127.045231
SL-004,2026-10-02 07:00:00,125.79886
SL-004,2026-10-02 08:00:00,121.868108
SL-004,2026-10-02 09:00:00,114.387372
SL-004,2026-10-02 10:00:00,116.011098
SL-004,2026-10-02 11:00:00,118.068775
SL-004,2026-10-02 12:00:00,116.318849
SL-004,2026-10-02 13:00:00,114.180157
SL-004,2026-10-02 14:00:00,112.333476
SL-004,2026-10-02 15:00:00,118.253414
SL-004,2026-10-02 16:00:00,116.689348
SL-004,2026-10-02 17:00:00,117.556015
SL-004,2026-10-02 18:00:00,121.695926
SL-004,2026-10-02 19:00:00,131.689548
SL-004,2026-10-02 20:00:00,131.238413
SL-004,2026-10-02 21:00:00,137.068599
SL-004,2026-10-02 22:00:00,134.748424
SL-004,2026-10-02 23:00:00,141.010103
SL-004,2026-10-03 00:00:00,137.684662
SL-004,2026-10-03 01:00:00,139.513758
SL-004,2026-10-03 02:00:00,147.118255
SL-004,2026-10-03 03:00:00,140.838804
SL-004,2026-10-03 04:00:00,135.199455
SL-004,2026-10-03 05:00:00,134.032181
SL-004,2026-10-03 06:00:00,132.436893
SL-004,2026-10-03 07:00:00,132.046594
SL-004,2026-10-03 08:00:00,123.901925
SL-004,2026-10-03 09:00:00,117.308022
SL-004,2026-10-03 10:00:00,119.261049
SL-004,2026-10-03 11:00:00,118.288181
SL-004,2026-10-03 12:00:00,117.415881
SL-004,2026-10-03 13:00:00,120.666531
SL-004,2026-10-03 14:00:00,118.106535
SL-004,2026-10-03 15:00:00,120.81721
SL-004,2026-10-03 16:00:00,116.996471
SL-004,2026-10-03 17:00:00,125.393505
SL-004,2026-10-03 18:00:00,131.967133
SL-004,2026-10-03 19:00:00,131.086973
SL-004,2026-10-03 20:00:00,132.608026
SL-004,2026-10-03 21:00:00,135.166286
SL-004,2026-10-03 22:00:00,142.503743
SL-004,2026-10-03 23:00:00,136.211077
SL-004,2026-10-04 00:00:00,139.792802
SL-004,2026-10-04 01:00:00,141.842676
SL-004,2026-10-04 02:00:00,142.205632
SL-004,2026-10-04 03:00:00,137.377772
SL-004,2026-10-04 04:00:00,137.615087
SL-004,2026-10-04 05:00:00,133.280804
SL-004,2026-10-04 06:00:00,131.485579
SL-004,2026-10-04 07:00:00,127.52337
SL-004,2026-10-04 08:00:00,121.288141
SL-004,2026-10-04 09:00:00,121.652328
SL-004,2026-10-04 10:00:00,121.756353
SL-004,2026-10-04 11:00:00,114.208491
SL-004,2026-10-04 12:00:00,115.075695
SL-004,2026-10-04 13:00:00,117.268486
SL-004,2026-10-04 14:00:00,112.352564
SL-004,2026-10-04 15:00:00,117.18229
SL-004,2026-10-04 16:00:00,115.228008
SL-004,2026-10-04 17:00:00,124.157592
SL-004,2026-10-04 18:00:00,130.439
SL-004,2026-10-04 19:00:00,132.518281
SL-004,2026-10-04 20:00:00,128.737536
SL-004,2026-10-04 21:00:00,134.340516
SL-004,2026-10-04 22:00:00,134.792399
SL-004,2026-10-04 23:00:00,136.461316
SL-004,2026-10-05 00:00:00,141.811013
SL-004,2026-10-05 01:00:00,133.42954
SL-004,2026-10-05 02:00:00,139.952233
SL-004,2026-10-05 03:00:00,135.247699
SL-004,2026-10-05 04:00:00,137.520376
SL-004,2026-10-05 05:00:00,131.179413
SL-004,2026-10-05 06:00:00,125.515698
SL-004,2026-10-05 07:00:00,125.07204
SL-004,2026-10-05 08:00:00,123.158368
SL-004,2026-10-05 09:00:00,117.982337
SL-004,2026-10-05 10:00:00,116.675595
SL-004,2026-10-05 11:00:00,111.56378
SL-004,2026-10-05 12:00:00,105.354822
SL-004,2026-10-05 13:00:00,113.87562
SL-004,2026-10-05 14:00:00,113.510673
SL-004,2026-10-05 15:00:00,112.885378
SL-004,2026-10-05 16:00:00,114.381396
SL-004,2026-10-05 17:00:00,119.597572
SL-004,2026-10-05 18:00:00,117.837383
SL-004,2026-10-05 19:00:00,120.019267
SL-004,2026-10-05 20:00:00,124.501999
SL-004,2026-10-05 21:00:00,131.35105
SL-004,2026-10-05 22:00:00,125.929241
SL-004,2026-10-05 23:00:00,135.395064
SL-004,2026-10-06 00:00:00,130.924025
SL-004,2026-10-06 01:00:00,129.774406
SL-004,2026-10-06 02:00:00,136.277637
SL-004,2026-10-06 03:00:00,130.842601
SL-004,2026-10-06 04:00:00,125.166199
SL-004,2026-10-06 05:00:00,125.353077
SL-004,2026-10-06 06:00:00,126.183709
SL-004,2026-10-06 07:00:00,123.724747
SL-004,2026-10-06 08:00:00,115.633867
SL-004,2026-10-06 09:00:00,115.121141
SL-004,2026-10-06 10:00:00,113.448857
SL-004,2026-10-06 11:00:00,107.363502
SL-004,2026-10-06 12:00:00,109.06897
SL-004,2026-10-06 13:00:00,107.411363
SL-004,2026-10-06 14:00:00,106.225759
SL-004,2026-10-06 15:00:00,107.479235
SL-004,2026-10-06 16:00:00,110.991174
SL-004,2026-10-06 17:00:00,113.295959
SL-004,2026-10-06 18:00:00,114.338344
SL-004,2026-10-06 19:00:00,117.79998
SL-004,2026-10-06 20:00:00,125.463724
SL-004,2026-10-06 21:00:00,125.602539
SL-004,2026-10-06 22:00:00,130.048345
SL-004,2026-10-06 23:00:00,132.856478
SL-004,2026-10-07 00:00:00,132.172296
SL-004,2026-10-07 01:00:00,137.589235
SL-004,2026-10-07 02:00:00,127.860651
SL-004,2026-10-07 03:00:00,131.539806
SL-004,2026-10-07 04:00:00,126.238792
SL-004,2026-10-07 05:00:00,130.270586
SL-004,2026-10-07 06:00:00,126.915884
SL-004,2026-10-07 07:00:00,112.862158
SL-004,2026-10-07 08:00:00,112.739079
SL-004,2026-10-07 09:00:00,114.781654
SL-004,2026-10-07 10:00:00,112.720322
SL-004,2026-10-07 11:00:00,110.710108
SL-004,2026-10-07 12:00:00,107.154331
SL-005,2026-09-27 13:00:00,85.436573
SL-005,2026-09-27 14:00:00,91.576239
SL-005,2026-09-27 15:00:00,84.01269
SL-005,2026-09-27 16:00:00,94.317602
SL-005,2026-09-27 17:00:00,90.16843
SL-005,2026-09-27 18:00:00,96.18382
SL-005,2026-09-27 19:00:00,91.850791
SL-005,2026-09-27 20:00:00,88.355316
SL-005,2026-09-27 21:00:00,89.998426
SL-005,2026-09-27 22:00:00,83.525107
SL-005,2026-09-27 23:00:00,80.619655
SL-005,2026-09-28 00:00:00,75.679583
SL-005,2026-09-28 01:00:00,77.462577
SL-005,2026-09-28 02:00:00,76.535536
SL-005,2026-09-28 03:00:00,76.137513
SL-005,2026-09-28 04:00:00,71.331688
SL-005,2026-09-28 05:00:00,74.352365
SL-005,2026-09-28 06:00:00,71.524169
SL-005,2026-09-28 07:00:00,72.25202
SL-005,2026-09-28 08:00:00,76.049965
SL-005,2026-09-28 09:00:00,79.922808
SL-005,2026-09-28 10:00:00,78.605123
SL-005,2026-09-28 11:00:00,82.053895
SL-005,2026-09-28 12:00:00,85.523846
SL-005,2026-09-28 13:00:00,89.327803
SL-005,2026-09-28 14:00:00,89.099688
SL-005,2026-09-28 15:00:00,97.074425
SL-005,2026-09-28 16:00:00,94.302388
SL-005,2026-09-28 17:00:00,97.629167
SL-005,2026-09-28 18:00:00,93.682316
SL-005,2026-09-28 19:00:00,96.339913
SL-005,2026-09-28 20:00:00,94.79501
SL-005,2026-09-28 21:00:00,90.081491
SL-005,2026-09-28 22:00:00,94.653404
SL-005,2026-09-28 23:00:00,86.664258
SL-005,2026-09-29 00:00:00,87.763917
SL-005,2026-09-29 01:00:00,82.327395
SL-005,2026-09-29 02:00:00,74.818467
SL-005,2026-09-29 03:00:00,73.532585
SL-005,2026-09-29 04:00:00,74.524121
SL-005,2026-09-29 05:00:00,72.697452
SL-005,2026-09-29 06:00:00,72.768171
SL-005,2026-09-29 07:00:00,72.665531
SL-005,2026-09-29 08:00:00,69.737479
SL-005,2026-09-29 09:00:00,76.745169
SL-005,2026-09-29 10:00:00,73.488163
SL-005,2026-09-29 11:00:00,84.252284
SL-005,2026-09-29 12:00:00,84.017866
SL-005,2026-09-29 13:00:00,86.960733
SL-005,2026-09-29 14:00:00,91.008238
SL-005,2026-09-29 15:00:00,94.511599
SL-005,2026-09-29 16:00:00,90.749127
SL-005,2026-09-29 17:00:00,90.376556
SL-005,2026-09-29 18:00:00,92.180919
SL-005,2026-09-29 19:00:00,88.199654
SL-005,2026-09-29 20:00:00,89.623282
SL-005,2026-09-29 21:00:00,94.863581
SL-005,2026-09-29 22:00:00,84.013924
SL-005,2026-09-29 23:00:00,85.945817
SL-005,2026-09-30 00:00:00,76.608388
SL-005,2026-09-30 01:00:00,78.48959
SL-005,2026-09-30 02:00:00,73.84303
SL-005,2026-09-30 03:00:00,72.354137
SL-005,2026-09-30 04:00:00,72.637067
SL-005,2026-09-30 05:00:00,75.361261
SL-005,2026-09-30 06:00:00,70.649585
SL-005,2026-09-30 07:00:00,71.213546
SL-005,2026-09-30 08:00:00,69.433527
SL-005,2026-09-30 09:00:00,76.240536
SL-005,2026-09-30 10:00:00,76.355787
SL-005,2026-09-30 11:00:00,82.471014
SL-005,2026-09-30 12:00:00,82.794199
SL-005,2026-09-30 13:00:00,90.954516
SL-005,2026-09-30 14:00:00,82.242774
SL-005,2026-09-30 15:00:00,89.234424
SL-005,2026-09-30 16:00:00,94.03049
SL-005,2026-09-30 17:00:00,90.826559
SL-005,2026-09-30 18:00:00,89.179486
SL-005,2026-09-30 19:00:00,89.630042
SL-005,2026-09-30 20:00:00,84.418301
SL-005,2026-09-30 21:00:00,86.419007
SL-005,2026-09-30 22:00:00,90.418872
SL-005,2026-09-30 23:00:00,83.288806
SL-005,2026-10-01 00:00:00,73.212468
SL-005,2026-10-01 01:00:00,70.748354
SL-005,2026-10-01 02:00:00,69.330047
SL-005,2026-10-01 03:00:00,71.26063
SL-005,2026-10-01 04:00:00,64.157882
SL-005,2026-10-01 05:00:00,63.697282
SL-005,2026-10-01 06:00:00,68.385026
SL-005,2026-10-01 07:00:00,69.095677
SL-005,2026-10-01 08:00:00,66.895442
SL-005,2026-10-01 09:00:00,66.808554
SL-005,2026-10-01 10:00:00,68.130222
SL-005,2026-10-01 11:00:00,73.583635
SL-005,2026-10-01 12:00:00,71.965511
SL-005,2026-10-01 13:00:00,83.745324
SL-005,2026-10-01 14:00:00,82.103406
SL-005,2026-10-01 15:00:00,87.41401
SL-005,2026-10-01 16:00:00,92.886667
SL-005,2026-10-01 17:00:00,91.348751
SL-005,2026-10-01 18:00:00,84.114874
SL-005,2026-10-01 19:00:00,89.114426
SL-005,2026-10-01 20:00:00,88.182859
SL-005,2026-10-01 21:00:00,80.051865
SL-005,2026-10-01 22:00:00,76.549246
SL-005,2026-10-01 23:00:00,75.924308
SL-005,2026-10-02 00:00:00,68.227954
SL-005,2026-10-02 01:00:00,74.371273
SL-005,2026-10-02 02:00:00,60.02156
SL-005,2026-10-02 03:00:00,61.727735
SL-005,2026-10-02 04:00:00,62.726251
SL-005,2026-10-02 05:00:00,62.115466
SL-005,2026-10-02 06:00:00,63.378203
SL-005,2026-10-02 07:00:00,64.589408
SL-005,2026-10-02 08:00:00,64.777497
SL-005,2026-10-02 09:00:00,71.105688
SL-005,2026-10-02 10:00:00,64.0297
SL-005,2026-10-02 11:00:00,73.486933
SL-005,2026-10-02 12:00:00,74.461681
SL-005,2026-10-02 13:00:00,79.986126
SL-005,2026-10-02 14:00:00,82.895552
SL-005,2026-10-02 15:00:00,81.623932
SL-005,2026-10-02 16:00:00,83.899902
SL-005,2026-10-02 17:00:00,88.902389
SL-005,2026-10-02 18:00:00,87.465945
SL-005,2026-10-02 19:00:00,83.473673
SL-005,2026-10-02 20:00:00,89.995329
SL-005,2026-10-02 21:00:00,88.54463
SL-005,2026-10-02 22:00:00,74.50865
SL-005,2026-10-02 23:00:00,76.807123
SL-005,2026-10-03 00:00:00,80.369508
SL-005,2026-10-03 01:00:00,72.283277
SL-005,2026-10-03 02:00:00,68.035595
SL-005,2026-10-03 03:00:00,64.720811
SL-005,2026-10-03 04:00:00,62.369835
SL-005,2026-10-03 05:00:00,62.77866
SL-005,2026-10-03 06:00:00,62.007259
SL-005,2026-10-03 07:00:00,66.948452
SL-005,2026-10-03 08:00:00,65.320272
SL-005,2026-10-03 09:00:00,67.624177
SL-005,2026-10-03 10:00:00,68.2484
SL-005,2026-10-03 11:00:00,74.898193
SL-005,2026-10-03 12:00:00,75.632907
SL-005,2026-10-03 13:00:00,80.904084
SL-005,2026-10-03 14:00:00,87.36178
SL-005,2026-10-03 15:00:00,87.602763
SL-005,2026-10-03 16:00:00,89.622005
SL-005,2026-10-03 17:00:00,90.014296
SL-005,2026-10-03 18:00:00,89.150625
SL-005,2026-10-03 19:00:00,87.81611
SL-005,2026-10-03 20:00:00,85.761515
SL-005,2026-10-03 21:00:00,86.825398
SL-005,2026-10-03 22:00:00,78.691841
SL-005,2026-10-03 23:00:00,83.085739
SL-005,2026-10-04 00:00:00,76.21548
SL-005,2026-10-04 01:00:00,71.060513
SL-005,2026-10-04 02:00:00,69.379602
SL-005,2026-10-04 03:00:00,66.88337
SL-005,2026-10-04 04:00:00,68.133139
SL-005,2026-10-04 05:00:00,65.0064
SL-005,2026-10-04 06:00:00,70.908953
SL-005,2026-10-04 07:00:00,66.265963
SL-005,2026-10-04 08:00:00,63.662911
SL-005,2026-10-04 09:00:00,70.783423
SL-005,2026-10-04 10:00:00,69.915514
SL-005,2026-10-04 11:00:00,79.065246
SL-005,2026-10-04 12:00:00,85.676543
SL-005,2026-10-04 13:00:00,87.613466
SL-005,2026-10-04 14:00:00,84.481565
SL-005,2026-10-04 15:00:00,88.504416
SL-005,2026-10-04 16:00:00,97.752122
SL-005,2026-10-04 17:00:00,94.226122
SL-005,2026-10-04 18:00:00,93.320143
SL-005,2026-10-04 19:00:00,95.705032
SL-005,2026-10-04 20:00:00,98.379901
SL-005,2026-10-04 21:00:00,92.766439
SL-005,2026-10-04 22:00:00,86.677353
SL-005,2026-10-04 23:00:00,84.422023
SL-005,2026-10-05 00:00:00,82.232706
SL-005,2026-10-05 01:00:00,75.704604
SL-005,2026-10-05 02:00:00,71.868907
SL-005,2026-10-05 03:00:00,73.225783
SL-005,2026-10-05 04:00:00,68.915238
SL-005,2026-10-05 05:00:00,71.024413
SL-005,2026-10-05 06:00:00,71.758655
SL-005,2026-10-05 07:00:00,79.554997
SL-005,2026-10-05 08:00:00,71.776126
SL-005,2026-10-05 09:00:00,76.382263
SL-005,2026-10-05 10:00:00,79.136518
SL-005,2026-10-05 11:00:00,84.097112
SL-005,2026-10-05 12:00:00,89.146513
SL-005,2026-10-05 13:00:00,87.608045
SL-005,2026-10-05 14:00:00,89.336857
SL-005,2026-10-05 15:00:00,89.068275
SL-005,2026-10-05 16:00:00,92.725004
SL-005,2026-10-05 17:00:00,97.851159
SL-005,2026-10-05 18:00:00,96.295674
SL-005,2026-10-05 19:00:00,92.2172
SL-005,2026-10-05 20:00:00,92.501929
SL-005,2026-10-05 21:00:00,91.437954
SL-005,2026-10-05 22:00:00,90.101772
SL-005,2026-10-05 23:00:00,83.770955
SL-005,2026-10-06 00:00:00,81.68181
SL-005,2026-10-06 01:00:00,73.994674
SL-005,2026-10-06 02:00:00,73.351134
SL-005,2026-10-06 03:00:00,79.532293
SL-005,2026-10-06 04:00:00,66.651393
SL-005,2026-10-06 05:00:00,71.500527
SL-005,2026-10-06 06:00:00,73.277382
SL-005,2026-10-06 07:00:00,72.401098
SL-005,2026-10-06 08:00:00,72.738435
SL-005,2026-10-06 09:00:00,77.238232
SL-005,2026-10-06 10:00:00,80.127631
SL-005,2026-10-06 11:00:00,82.890473
SL-005,2026-10-06 12:00:00,80.562903
SL-005,2026-10-06 13:00:00,88.664772
SL-005,2026-10-06 14:00:00,89.100812
SL-005,2026-10-06 15:00:00,92.050375
SL-005,2026-10-06 16:00:00,95.72607
SL-005,2026-10-06 17:00:00,97.544546
SL-005,2026-10-06 18:00:00,98.069449
SL-005,2026-10-06 19:00:00,92.835598
SL-005,2026-10-06 20:00:00,95.295839
SL-005,2026-10-06 21:00:00,93.612115
SL-005,2026-10-06 22:00:00,90.593596
SL-005,2026-10-06 23:00:00,88.160905
SL-005,2026-10-07 00:00:00,80.286245
SL-005,2026-10-07 01:00:00,308.279337
SL-005,2026-10-07 02:00:00,309.109533
SL-005,2026-10-07 03:00:00,273.736009
SL-005,2026-10-07 04:00:00,286.236086
SL-005,2026-10-07 05:00:00,274.003455
SL-005,2026-10-07 06:00:00,275.836395
SL-005,2026-10-07 07:00:00,262.463705
SL-005,2026-10-07 08:00:00,278.727989
SL-005,2026-10-07 09:00:00,297.716141
SL-005,2026-10-07 10:00:00,319.037452
SL-005,2026-10-07 11:00:00,331.780289
SL-005,2026-10-07 12:00:00,330.737356
SL-006,2026-09-27 13:00:00,116.338822
SL-006,2026-09-27 14:00:00,112.031262
SL-006,2026-09-27 15:00:00,112.856708
SL-006,2026-09-27 16:00:00,115.295776
SL-006,2026-09-27 17:00:00,109.745008
SL-006,2026-09-27 18:00:00,105.959469
SL-006,2026-09-27 19:00:00,109.239109
SL-006,2026-09-27 20:00:00,109.478566
SL-006,2026-09-27 21:00:00,112.809276
SL-006,2026-09-27 22:00:00,123.199717
SL-006,2026-09-27 23:00:00,122.97908
SL-006,2026-09-28 00:00:00,120.672504
SL-006,2026-09-28 01:00:00,129.838586
SL-006,2026-09-28 02:00:00,133.825583
SL-006,2026-09-28 03:00:00,130.497309
SL-006,2026-09-28 04:00:00,130.333636
SL-006,2026-09-28 05:00:00,131.323498
SL-006,2026-09-28 06:00:00,132.344907
SL-006,2026-09-28 07:00:00,131.795472
SL-006,2026-09-28 08:00:00,131.135555
SL-006,2026-09-28 09:00:00,128.41388
SL-006,2026-09-28 10:00:00,125.17531
SL-006,2026-09-28 11:00:00,122.406819
SL-006,2026-09-28 12:00:00,117.080041
SL-006,2026-09-28 13:00:00,107.559247
SL-006,2026-09-28 14:00:00,109.285477
SL-006,2026-09-28 15:00:00,108.77368
SL-006,2026-09-28 16:00:00,105.577175
SL-006,2026-09-28 17:00:00,109.159363
SL-006,2026-09-28 18:00:00,105.856727
SL-006,2026-09-28 19:00:00,105.437559
SL-006,2026-09-28 20:00:00,114.491393
SL-006,2026-09-28 21:00:00,114.62162
SL-006,2026-09-28 22:00:00,116.087466
SL-006,2026-09-28 23:00:00,121.153216
SL-006,2026-09-29 00:00:00,124.428296
SL-006,2026-09-29 01:00:00,124.847725
SL-006,2026-09-29 02:00:00,118.563333
SL-006,2026-09-29 03:00:00,125.392699
SL-006,2026-09-29 04:00:00,126.790897
SL-006,2026-09-29 05:00:00,125.144421
SL-006,2026-09-29 06:00:00,127.816807
SL-006,2026-09-29 07:00:00,129.156122
SL-006,2026-09-29 08:00:00,121.818418
SL-006,2026-09-29 09:00:00,117.042488
SL-006,2026-09-29 10:00:00,123.366111
SL-006,2026-09-29 11:00:00,112.628082
SL-006,2026-09-29 12:00:00,107.062823
SL-006,2026-09-29 13:00:00,108.541401
SL-006,2026-09-29 14:00:00,106.648429
SL-006,2026-09-29 15:00:00,101.432412
SL-006,2026-09-29 16:00:00,104.842183
SL-006,2026-09-29 17:00:00,100.742468
SL-006,2026-09-29 18:00:00,99.987842
SL-006,2026-09-29 19:00:00,104.616226
SL-006,2026-09-29 20:00:00,108.388566
SL-006,2026-09-29 21:00:00,106.697635
SL-006,2026-09-29 22:00:00,112.460611
SL-006,2026-09-29 23:00:00,114.200631
SL-006,2026-09-30 00:00:00,125.896442
SL-006,2026-09-30 01:00:00,117.961156
SL-006,2026-09-30 02:00:00,126.436048
SL-006,2026-09-30 03:00:00,123.69975
SL-006,2026-09-30 04:00:00,124.31276
SL-006,2026-09-30 05:00:00,126.894369
SL-006,2026-09-30 06:00:00,126.639745
SL-006,2026-09-30 07:00:00,126.226774
SL-006,2026-09-30 08:00:00,121.218924
SL-006,2026-09-30 09:00:00,115.723506
SL-006,2026-09-30 10:00:00,112.868739
SL-006,2026-09-30 11:00:00,112.836904
SL-006,2026-09-30 12:00:00,109.959587
SL-006,2026-09-30 13:00:00,109.610869
SL-006,2026-09-30 14:00:00,104.351571
SL-006,2026-09-30 15:00:00,104.592699
SL-006,2026-09-30 16:00:00,105.028487
SL-006,2026-09-30 17:00:00,100.851686
SL-006,2026-09-30 18:00:00,96.600967
SL-006,2026-09-30 19:00:00,98.994037
SL-006,2026-09-30 20:00:00,100.366897
SL-006,2026-09-30 21:00:00,112.132592
SL-006,2026-09-30 22:00:00,107.84146
SL-006,2026-09-30 23:00:00,117.249421
SL-006,2026-10-01 00:00:00,118.412262
SL-006,2026-10-01 01:00:00,124.624777
SL-006,2026-10-01 02:00:00,124.846008
SL-006,2026-10-01 03:00:00,123.264556
SL-006,2026-10-01 04:00:00,123.969915
SL-006,2026-10-01 05:00:00,125.024092
SL-006,2026-10-01 06:00:00,124.684972
SL-006,2026-10-01 07:00:00,121.19683
SL-006,2026-10-01 08:00:00,120.659829
SL-006,2026-10-01 09:00:00,123.038077
SL-006,2026-10-01 10:00:00,110.220402
SL-006,2026-10-01 11:00:00,113.087085
SL-006,2026-10-01 12:00:00,106.656836
SL-006,2026-10-01 13:00:00,107.294144
SL-006,2026-10-01 14:00:00,107.085831
SL-006,2026-10-01 15:00:00,102.860959
SL-006,2026-10-01 16:00:00,104.568074
SL-006,2026-10-01 17:00:00,97.505573
SL-006,2026-10-01 18:00:00,106.440602
SL-006,2026-10-01 19:00:00,102.925772
SL-006,2026-10-01 20:00:00,108.889041
SL-006,2026-10-01 21:00:00,110.381621
SL-006,2026-10-01 22:00:00,105.234937
SL-006,2026-10-01 23:00:00,114.021475
SL-006,2026-10-02 00:00:00,120.176369
SL-006,2026-10-02 01:00:00,127.120684
SL-006,2026-10-02 02:00:00,125.794157
SL-006,2026-10-02 03:00:00,127.551891
SL-006,2026-10-02 04:00:00,123.646116
SL-006,2026-10-02 05:00:00,132.478581
SL-006,2026-10-02 06:00:00,133.094584
SL-006,2026-10-02 07:00:00,126.481647
SL-006,2026-10-02 08:00:00,123.792955
SL-006,2026-10-02 09:00:00,117.129966
SL-006,2026-10-02 10:00:00,121.830981
SL-006,2026-10-02 11:00:00,124.344471
SL-006,2026-10-02 12:00:00,115.521368
SL-006,2026-10-02 13:00:00,114.577215
SL-006,2026-10-02 14:00:00,110.300667
SL-006,2026-10-02 15:00:00,104.236207
SL-006,2026-10-02 16:00:00,110.460105
SL-006,2026-10-02 17:00:00,102.809974
SL-006,2026-10-02 18:00:00,106.757952
SL-006,2026-10-02 19:00:00,109.867761
SL-006,2026-10-02 20:00:00,113.986316
SL-006,2026-10-02 21:00:00,115.411693
SL-006,2026-10-02 22:00:00,118.489219
SL-006,2026-10-02 23:00:00,118.343863
SL-006,2026-10-03 00:00:00,119.98089
SL-006,2026-10-03 01:00:00,126.966795
SL-006,2026-10-03 02:00:00,127.108757
SL-006,2026-10-03 03:00:00,127.139803
SL-006,2026-10-03 04:00:00,128.34206
SL-006,2026-10-03 05:00:00,130.93591
SL-006,2026-10-03 06:00:00,126.29629
SL-006,2026-10-03 07:00:00,126.487862
SL-006,2026-10-03 08:00:00,123.629052
SL-006,2026-10-03 09:00:00,126.558311
SL-006,2026-10-03 10:00:00,124.36594
SL-006,2026-10-03 11:00:00,126.151039
SL-006,2026-10-03 12:00:00,112.694991
SL-006,2026-10-03 13:00:00,112.485096
SL-006,2026-10-03 14:00:00,115.065023
SL-006,2026-10-03 15:00:00,110.103611
SL-006,2026-10-03 16:00:00,108.936683
SL-006,2026-10-03 17:00:00,115.008858
SL-006,2026-10-03 18:00:00,109.63773
SL-006,2026-10-03 19:00:00,108.716411
SL-006,2026-10-03 20:00:00,110.426934
SL-006,2026-10-03 21:00:00,118.09311
SL-006,2026-10-03 22:00:00,121.044769
SL-006,2026-10-03 23:00:00,119.18767
SL-006,2026-10-04 00:00:00,123.437646
SL-006,2026-10-04 01:00:00,130.798144
SL-006,2026-10-04 02:00:00,133.246243
SL-006,2026-10-04 03:00:00,131.268862
SL-006,2026-10-04 04:00:00,135.999196
SL-006,2026-10-04 05:00:00,135.969001
SL-006,2026-10-04 06:00:00,128.203833
SL-006,2026-10-04 07:00:00,131.142663
SL-006,2026-10-04 08:00:00,131.175793
SL-006,2026-10-04 09:00:00,125.533674
SL-006,2026-10-04 10:00:00,117.81024
SL-006,2026-10-04 11:00:00,120.207781
SL-006,2026-10-04 12:00:00,120.211935
SL-006,2026-10-04 13:00:00,119.872969
SL-006,2026-10-04 14:00:00,106.201648
SL-006,2026-10-04 15:00:00,118.879019
SL-006,2026-10-04 16:00:00,106.659307
SL-006,2026-10-04 17:00:00,112.713045
SL-006,2026-10-04 18:00:00,114.154127
SL-006,2026-10-04 19:00:00,114.770712
SL-006,2026-10-04 20:00:00,114.301864
SL-006,2026-10-04 21:00:00,112.916352
SL-006,2026-10-04 22:00:00,121.163581
SL-006,2026-10-04 23:00:00,120.153402
SL-006,2026-10-05 00:00:00,117.664942
SL-006,2026-10-05 01:00:00,136.364385
SL-006,2026-10-05 02:00:00,132.168764
SL-006,2026-10-05 03:00:00,137.031164
SL-006,2026-10-05 04:00:00,129.62674
SL-006,2026-10-05 05:00:00,136.738139
SL-006,2026-10-05 06:00:00,136.260695
SL-006,2026-10-05 07:00:00,134.53921
SL-006,2026-10-05 08:00:00,127.525286
SL-006,2026-10-05 09:00:00,121.169059
SL-006,2026-10-05 10:00:00,121.08716
SL-006,2026-10-05 11:00:00,111.712748
SL-006,2026-10-05 12:00:00,109.989841
SL-006,2026-10-05 13:00:00,112.427783
SL-006,2026-10-05 14:00:00,106.704174
SL-006,2026-10-05 15:00:00,107.338578
SL-006,2026-10-05 16:00:00,106.399555
SL-006,2026-10-05 17:00:00,112.217762
SL-006,2026-10-05 18:00:00,110.830249
SL-006,2026-10-05 19:00:00,108.080182
SL-006,2026-10-05 20:00:00,113.785194
SL-006,2026-10-05 21:00:00,110.284468
SL-006,2026-10-05 22:00:00,114.419013
SL-006,2026-10-05 23:00:00,121.103762
SL-006,2026-10-06 00:00:00,117.515711
SL-006,2026-10-06 01:00:00,122.987675
SL-006,2026-10-06 02:00:00,121.97378
SL-006,2026-10-06 03:00:00,127.771885
SL-006,2026-10-06 04:00:00,133.058182
SL-006,2026-10-06 05:00:00,125.840733
SL-006,2026-10-06 06:00:00,127.898413
SL-006,2026-10-06 07:00:00,122.88755
SL-006,2026-10-06 08:00:00,119.824488
SL-006,2026-10-06 09:00:00,116.739438
SL-006,2026-10-06 10:00:00,121.646262
SL-006,2026-10-06 11:00:00,121.069701
SL-006,2026-10-06 12:00:00,112.210849
SL-006,2026-10-06 13:00:00,105.67949
SL-006,2026-10-06 14:00:00,107.486056
SL-006,2026-10-06 15:00:00,102.544592
SL-006,2026-10-06 16:00:00,104.875018
SL-006,2026-10-06 17:00:00,103.077407
SL-006,2026-10-06 18:00:00,103.595807
SL-006,2026-10-06 19:00:00,105.902282
SL-006,2026-10-06 20:00:00,104.337778
SL-006,2026-10-06 21:00:00,107.386086
SL-006,2026-10-06 22:00:00,106.304998
SL-006,2026-10-06 23:00:00,113.155498
SL-006,2026-10-07 00:00:00,113.156143
SL-006,2026-10-07 01:00:00,119.652792
SL-006,2026-10-07 02:00:00,119.41064
SL-006,2026-10-07 03:00:00,124.160493
SL-006,2026-10-07 04:00:00,126.052763
SL-006,2026-10-07 05:00:00,120.469006
SL-006,2026-10-07 06:00:00,121.517936
SL-006,2026-10-07 07:00:00,119.595791
SL-006,2026-10-07 08:00:00,122.472449
SL-006,2026-10-07 09:00:00,122.643781
SL-006,2026-10-07 10:00:00,117.036287
SL-006,2026-10-07 11:00:00,110.259688
SL-006,2026-10-07 12:00:00,112.611906
SL-007,2026-09-27 13:00:00,78.211318
SL-007,2026-09-27 14:00:00,74.25491
SL-007,2026-09-27 15:00:00,92.318355
SL-007,2026-09-27 16:00:00,90.115453
SL-007,2026-09-27 17:00:00,82.488688
SL-007,2026-09-27 18:00:00,85.479225
SL-007,2026-09-27 19:00:00,82.954196
SL-007,2026-09-27 20:00:00,81.871942
SL-007,2026-09-27 21:00:00,74.574144
SL-007,2026-09-27 22:00:00,74.112855
SL-007,2026-09-27 23:00:00,74.574535
SL-007,2026-09-28 00:00:00,70.945302
SL-007,2026-09-28 01:00:00,71.281353
SL-007,2026-09-28 02:00:00,65.815037
SL-007,2026-09-28 03:00:00,71.153765
SL-007,2026-09-28 04:00:00,61.235995
SL-007,2026-09-28 05:00:00,64.242424
SL-007,2026-09-28 06:00:00,58.603065
SL-007,2026-09-28 07:00:00,62.233452
SL-007,2026-09-28 08:00:00,72.267676
SL-007,2026-09-28 09:00:00,68.24194
SL-007,2026-09-28 10:00:00,75.765815
SL-007,2026-09-28 11:00:00,77.201403
SL-007,2026-09-28 12:00:00,77.361898
SL-007,2026-09-28 13:00:00,82.248616
SL-007,2026-09-28 14:00:00,84.05132
SL-007,2026-09-28 15:00:00,85.782709
SL-007,2026-09-28 16:00:00,90.397683
SL-007,2026-09-28 17:00:00,90.169602
SL-007,2026-09-28 18:00:00,85.737231
SL-007,2026-09-28 19:00:00,83.23928
SL-007,2026-09-28 20:00:00,84.637467
SL-007,2026-09-28 21:00:00,80.808303
SL-007,2026-09-28 22:00:00,81.182784
SL-007,2026-09-28 23:00:00,82.930672
SL-007,2026-09-29 00:00:00,74.451158
SL-007,2026-09-29 01:00:00,69.073347
SL-007,2026-09-29 02:00:00,66.400196
SL-007,2026-09-29 03:00:00,62.721325
SL-007,2026-09-29 04:00:00,61.691587
SL-007,2026-09-29 05:00:00,61.324265
SL-007,2026-09-29 06:00:00,63.87655
SL-007,2026-09-29 07:00:00,65.261418
SL-007,2026-09-29 08:00:00,70.901976
SL-007,2026-09-29 09:00:00,70.100184
SL-007,2026-09-29 10:00:00,73.646101
SL-007,2026-09-29 11:00:00,73.634293
SL-007,2026-09-29 12:00:00,85.169547
SL-007,2026-09-29 13:00:00,84.392836
SL-007,2026-09-29 14:00:00,90.377981
SL-007,2026-09-29 15:00:00,88.892448
SL-007,2026-09-29 16:00:00,91.703432
SL-007,2026-09-29 17:00:00,86.406715
SL-007,2026-09-29 18:00:00,88.404026
SL-007,2026-09-29 19:00:00,92.705273
SL-007,2026-09-29 20:00:00,78.595064
SL-007,2026-09-29 21:00:00,82.961548
SL-007,2026-09-29 22:00:00,81.367685
SL-007,2026-09-29 23:00:00,74.258164
SL-007,2026-09-30 00:00:00,72.104842
SL-007,2026-09-30 01:00:00,70.763047
SL-007,2026-09-30 02:00:00,62.514985
SL-007,2026-09-30 03:00:00,64.019466
SL-007,2026-09-30 04:00:00,59.093224
SL-007,2026-09-30 05:00:00,59.479927
SL-007,2026-09-30 06:00:00,60.264436
SL-007,2026-09-30 07:00:00,63.082085
SL-007,2026-09-30 08:00:00,65.983852
SL-007,2026-09-30 09:00:00,69.440107
SL-007,2026-09-30 10:00:00,66.534177
SL-007,2026-09-30 11:00:00,79.917208
SL-007,2026-09-30 12:00:00,80.238314
SL-007,2026-09-30 13:00:00,81.463576
SL-007,2026-09-30 14:00:00,80.186974
SL-007,2026-09-30 15:00:00,82.422478
SL-007,2026-09-30 16:00:00,85.037355
SL-007,2026-09-30 17:00:00,84.465982
SL-007,2026-09-30 18:00:00,77.074518
SL-007,2026-09-30 19:00:00,82.793046
SL-007,2026-09-30 20:00:00,87.103855
SL-007,2026-09-30 21:00:00,69.579077
SL-007,2026-09-30 22:00:00,75.117689
SL-007,2026-09-30 23:00:00,69.879586
SL-007,2026-10-01 00:00:00,65.185697
SL-007,2026-10-01 01:00:00,66.841354
SL-007,2026-10-01 02:00:00,56.563689
SL-007,2026-10-01 03:00:00,58.935611
SL-007,2026-10-01 04:00:00,61.924747
SL-007,2026-10-01 05:00:00,56.609633
SL-007,2026-10-01 06:00:00,56.540279
SL-007,2026-10-01 07:00:00,59.556505
SL-007,2026-10-01 08:00:00,59.864722
SL-007,2026-10-01 09:00:00,68.54377
SL-007,2026-10-01 10:00:00,63.847387
SL-007,2026-10-01 11:00:00,72.32041
SL-007,2026-10-01 12:00:00,68.663002
SL-007,2026-10-01 13:00:00,77.179347
SL-007,2026-10-01 14:00:00,76.901083
SL-007,2026-10-01 15:00:00,70.728681
SL-007,2026-10-01 16:00:00,79.398648
SL-007,2026-10-01 17:00:00,76.04549
SL-007,2026-10-01 18:00:00,77.077904
SL-007,2026-10-01 19:00:00,81.552071
SL-007,2026-10-01 20:00:00,71.072426
SL-007,2026-10-01 21:00:00,68.460068
SL-007,2026-10-01 22:00:00,73.069127
SL-007,2026-10-01 23:00:00,65.771142
SL-007,2026-10-02 00:00:00,67.058915
SL-007,2026-10-02 01:00:00,60.504726
SL-007,2026-10-02 02:00:00,54.485053
SL-007,2026-10-02 03:00:00,55.350958
SL-007,2026-10-02 04:00:00,58.455794
SL-007,2026-10-02 05:00:00,57.490215
SL-007,2026-10-02 06:00:00,55.333494
SL-007,2026-10-02 07:00:00,56.99011
SL-007,2026-10-02 08:00:00,58.662711
SL-007,2026-10-02 09:00:00,59.907917
SL-007,2026-10-02 10:00:00,70.65997
SL-007,2026-10-02 11:00:00,67.857656
SL-007,2026-10-02 12:00:00,67.389156
SL-007,2026-10-02 13:00:00,72.151477
SL-007,2026-10-02 14:00:00,78.124399
SL-007,2026-10-02 15:00:00,79.487538
SL-007,2026-10-02 16:00:00,77.965665
SL-007,2026-10-02 17:00:00,76.403985
SL-007,2026-10-02 18:00:00,77.811458
SL-007,2026-10-02 19:00:00,71.095357
SL-007,2026-10-02 20:00:00,70.114154
SL-007,2026-10-02 21:00:00,73.967285
SL-007,2026-10-02 22:00:00,67.08351
SL-007,2026-10-02 23:00:00,66.667604
SL-007,2026-10-03 00:00:00,66.322225
SL-007,2026-10-03 01:00:00,61.932128
SL-007,2026-10-03 02:00:00,57.852475
SL-007,2026-10-03 03:00:00,62.862423
SL-007,2026-10-03 04:00:00,57.62524
SL-007,2026-10-03 05:00:00,54.554709
SL-007,2026-10-03 06:00:00,58.805814
SL-007,2026-10-03 07:00:00,59.469553
SL-007,2026-10-03 08:00:00,57.894642
SL-007,2026-10-03 09:00:00,63.592572
SL-007,2026-10-03 10:00:00,66.017543
SL-007,2026-10-03 11:00:00,63.740829
SL-007,2026-10-03 12:00:00,72.459308
SL-007,2026-10-03 13:00:00,75.002958
SL-007,2026-10-03 14:00:00,76.922479
SL-007,2026-10-03 15:00:00,74.959747
SL-007,2026-10-03 16:00:00,79.949079
SL-007,2026-10-03 17:00:00,81.124193
SL-007,2026-10-03 18:00:00,80.955529
SL-007,2026-10-03 19:00:00,75.777299
SL-007,2026-10-03 20:00:00,79.216422
SL-007,2026-10-03 21:00:00,71.000246
SL-007,2026-10-03 22:00:00,71.223241
SL-007,2026-10-03 23:00:00,72.988362
SL-007,2026-10-04 00:00:00,63.977268
SL-007,2026-10-04 01:00:00,61.992374
SL-007,2026-10-04 02:00:00,64.823761
SL-007,2026-10-04 03:00:00,58.919729
SL-007,2026-10-04 04:00:00,58.530642
SL-007,2026-10-04 05:00:00,60.280682
SL-007,2026-10-04 06:00:00,63.797819
SL-007,2026-10-04 07:00:00,55.491181
SL-007,2026-10-04 08:00:00,62.107642
SL-007,2026-10-04 09:00:00,64.43658
SL-007,2026-10-04 10:00:00,67.39837
SL-007,2026-10-04 11:00:00,71.422837
SL-007,2026-10-04 12:00:00,74.68668
SL-007,2026-10-04 13:00:00,81.107609
SL-007,2026-10-04 14:00:00,79.859406
SL-007,2026-10-04 15:00:00,84.742694
SL-007,2026-10-04 16:00:00,86.615646
SL-007,2026-10-04 17:00:00,83.34018
SL-007,2026-10-04 18:00:00,85.373828
SL-007,2026-10-04 19:00:00,88.630252
SL-007,2026-10-04 20:00:00,82.555441
SL-007,2026-10-04 21:00:00,77.065065
SL-007,2026-10-04 22:00:00,75.957775
SL-007,2026-10-04 23:00:00,70.356825
SL-007,2026-10-05 00:00:00,71.108622
SL-007,2026-10-05 01:00:00,70.330985
SL-007,2026-10-05 02:00:00,63.061953
SL-007,2026-10-05 03:00:00,63.464269
SL-007,2026-10-05 04:00:00,66.795078
SL-007,2026-10-05 05:00:00,61.938969
SL-007,2026-10-05 06:00:00,64.928326
SL-007,2026-10-05 07:00:00,62.854459
SL-007,2026-10-05 08:00:00,65.77174
SL-007,2026-10-05 09:00:00,69.499959
SL-007,2026-10-05 10:00:00,80.702749
SL-007,2026-10-05 11:00:00,76.159565
SL-007,2026-10-05 12:00:00,78.905669
SL-007,2026-10-05 13:00:00,81.603783
SL-007,2026-10-05 14:00:00,85.097213
SL-007,2026-10-05 15:00:00,89.212597
SL-007,2026-10-05 16:00:00,88.70533
SL-007,2026-10-05 17:00:00,94.386012
SL-007,2026-10-05 18:00:00,88.110891
SL-007,2026-10-05 19:00:00,90.302801
SL-007,2026-10-05 20:00:00,84.620589
SL-007,2026-10-05 21:00:00,82.925094
SL-007,2026-10-05 22:00:00,73.767136
SL-007,2026-10-05 23:00:00,74.583613
SL-007,2026-10-06 00:00:00,71.715541
SL-007,2026-10-06 01:00:00,68.448667
SL-007,2026-10-06 02:00:00,60.457692
SL-007,2026-10-06 03:00:00,67.933281
SL-007,2026-10-06 04:00:00,63.250154
SL-007,2026-10-06 05:00:00,63.020297
SL-007,2026-10-06 06:00:00,64.297041
SL-007,2026-10-06 07:00:00,65.85861
SL-007,2026-10-06 08:00:00,69.892079
SL-007,2026-10-06 09:00:00,67.484084
SL-007,2026-10-06 10:00:00,71.445324
SL-007,2026-10-06 11:00:00,78.161015
SL-007,2026-10-06 12:00:00,80.672568
SL-007,2026-10-06 13:00:00,81.741912
SL-007,2026-10-06 14:00:00,83.289624
SL-007,2026-10-06 15:00:00,83.998516
SL-007,2026-10-06 16:00:00,87.059458
SL-007,2026-10-06 17:00:00,90.694375
SL-007,2026-10-06 18:00:00,83.078391
SL-007,2026-10-06 19:00:00,89.158708
SL-007,2026-10-06 20:00:00,84.797612
SL-007,2026-10-06 21:00:00,78.07385
SL-007,2026-10-06 22:00:00,78.623077
SL-007,2026-10-06 23:00:00,68.597071
SL-007,2026-10-07 00:00:00,64.61448
SL-007,2026-10-07 01:00:00,63.054797
SL-007,2026-10-07 02:00:00,63.296631
SL-007,2026-10-07 03:00:00,61.791
SL-007,2026-10-07 04:00:00,60.211811
SL-007,2026-10-07 05:00:00,61.851936
SL-007,2026-10-07 06:00:00,55.753663
SL-007,2026-10-07 07:00:00,65.006938
SL-007,2026-10-07 08:00:00,61.276623
SL-007,2026-10-07 09:00:00,66.068456
SL-007,2026-10-07 10:00:00,69.648352
SL-007,2026-10-07 11:00:00,70.36825
SL-007,2026-10-07 12:00:00,72.574728
SL-008,2026-09-27 13:00:00,87.754262
SL-008,2026-09-27 14:00:00,84.571952
SL-008,2026-09-27 15:00:00,77.00539
SL-008,2026-09-27 16:00:00,75.134629
SL-008,2026-09-27 17:00:00,72.84666
SL-008,2026-09-27 18:00:00,75.763461
SL-008,2026-09-27 19:00:00,67.892995
SL-008,2026-09-27 20:00:00,78.122411
SL-008,2026-09-27 21:00:00,74.135537
SL-008,2026-09-27 22:00:00,75.118235
SL-008,2026-09-27 23:00:00,80.930311
SL-008,2026-09-28 00:00:00,85.846316
SL-008,2026-09-28 01:00:00,86.807935
SL-008,2026-09-28 02:00:00,91.953478
SL-008,2026-09-28 03:00:00,91.985548
SL-008,2026-09-28 04:00:00,97.634728
SL-008,2026-09-28 05:00:00,99.453182
SL-008,2026-09-28 06:00:00,96.472047
SL-008,2026-09-28 07:00:00,101.342744
SL-008,2026-09-28 08:00:00,96.950817
SL-008,2026-09-28 09:00:00,95.35635
SL-008,2026-09-28 10:00:00,90.26224
SL-008,2026-09-28 11:00:00,89.51553
SL-008,2026-09-28 12:00:00,89.665241
SL-008,2026-09-28 13:00:00,80.139038
SL-008,2026-09-28 14:00:00,82.776398
SL-008,2026-09-28 15:00:00,78.841475
SL-008,2026-09-28 16:00:00,76.010362
SL-008,2026-09-28 17:00:00,66.522124
SL-008,2026-09-28 18:00:00,71.50569
SL-008,2026-09-28 19:00:00,73.223329
SL-008,2026-09-28 20:00:00,69.267534
SL-008,2026-09-28 21:00:00,72.889576
SL-008,2026-09-28 22:00:00,67.247149
SL-008,2026-09-28 23:00:00,78.72686
SL-008,2026-09-29 00:00:00,77.454539
SL-008,2026-09-29 01:00:00,84.984907
SL-008,2026-09-29 02:00:00,79.759577
SL-008,2026-09-29 03:00:00,90.05891
SL-008,2026-09-29 04:00:00,89.546612
SL-008,2026-09-29 05:00:00,94.36927
SL-008,2026-09-29 06:00:00,90.144525
SL-008,2026-09-29 07:00:00,91.248723
SL-008,2026-09-29 08:00:00,99.196218
SL-008,2026-09-29 09:00:00,88.55692
SL-008,2026-09-29 10:00:00,86.804206
SL-008,2026-09-29 11:00:00,85.398012
SL-008,2026-09-29 12:00:00,80.066775
SL-008,2026-09-29 13:00:00,83.41225
SL-008,2026-09-29 14:00:00,81.734333
SL-008,2026-09-29 15:00:00,71.388913
SL-008,2026-09-29 16:00:00,65.685028
SL-008,2026-09-29 17:00:00,72.328856
SL-008,2026-09-29 18:00:00,70.803845
SL-008,2026-09-29 19:00:00,69.404776
SL-008,2026-09-29 20:00:00,70.691247
SL-008,2026-09-29 21:00:00,65.691521
SL-008,2026-09-29 22:00:00,69.567495
SL-008,2026-09-29 23:00:00,68.274169
SL-008,2026-09-30 00:00:00,70.929361
SL-008,2026-09-30 01:00:00,81.090302
SL-008,2026-09-30 02:00:00,79.088416
SL-008,2026-09-30 03:00:00,90.682952
SL-008,2026-09-30 04:00:00,86.393796
SL-008,2026-09-30 05:00:00,85.996421
SL-008,2026-09-30 06:00:00,91.349593
SL-008,2026-09-30 07:00:00,94.610757
SL-008,2026-09-30 08:00:00,90.104175
SL-008,2026-09-30 09:00:00,83.651649
SL-008,2026-09-30 10:00:00,86.376229
SL-008,2026-09-30 11:00:00,86.785229
SL-008,2026-09-30 12:00:00,78.18014
SL-008,2026-09-30 13:00:00,74.144961
SL-008,2026-09-30 14:00:00,76.337959
SL-008,2026-09-30 15:00:00,70.759346
SL-008,2026-09-30 16:00:00,64.50702
SL-008,2026-09-30 17:00:00,64.742781
SL-008,2026-09-30 18:00:00,62.402457
SL-008,2026-09-30 19:00:00,65.144979
SL-008,2026-09-30 20:00:00,64.996497
SL-008,2026-09-30 21:00:00,69.324097
SL-008,2026-09-30 22:00:00,69.916954
SL-008,2026-09-30 23:00:00,65.590381
SL-008,2026-10-01 00:00:00,74.401818
SL-008,2026-10-01 01:00:00,78.980105
SL-008,2026-10-01 02:00:00,80.762015
SL-008,2026-10-01 03:00:00,85.374939
SL-008,2026-10-01 04:00:00,83.115532
SL-008,2026-10-01 05:00:00,83.812658
SL-008,2026-10-01 06:00:00,90.649809
SL-008,2026-10-01 07:00:00,85.071974
SL-008,2026-10-01 08:00:00,81.387617
SL-008,2026-10-01 09:00:00,89.759571
SL-008,2026-10-01 10:00:00,82.632259
SL-008,2026-10-01 11:00:00,81.443475
SL-008,2026-10-01 12:00:00,75.331226
SL-008,2026-10-01 13:00:00,72.516855
SL-008,2026-10-01 14:00:00,70.008612
SL-008,2026-10-01 15:00:00,69.609202
SL-008,2026-10-01 16:00:00,69.437808
SL-008,2026-10-01 17:00:00,59.662488
SL-008,2026-10-01 18:00:00,67.759659
SL-008,2026-10-01 19:00:00,61.702502
SL-008,2026-10-01 20:00:00,62.618072
SL-008,2026-10-01 21:00:00,69.211519
SL-008,2026-10-01 22:00:00,69.023061
SL-008,2026-10-01 23:00:00,67.282452
SL-008,2026-10-02 00:00:00,80.474909
SL-008,2026-10-02 01:00:00,75.614779
SL-008,2026-10-02 02:00:00,82.188045
SL-008,2026-10-02 03:00:00,85.077667
SL-008,2026-10-02 04:00:00,91.329927
SL-008,2026-10-02 05:00:00,87.765016
SL-008,2026-10-02 06:00:00,93.482473
SL-008,2026-10-02 07:00:00,88.769406
SL-008,2026-10-02 08:00:00,94.083611
SL-008,2026-10-02 09:00:00,87.366013
SL-008,2026-10-02 10:00:00,86.805627
SL-008,2026-10-02 11:00:00,91.248842
SL-008,2026-10-02 12:00:00,83.7827
SL-008,2026-10-02 13:00:00,80.232064
SL-008,2026-10-02 14:00:00,83.711835
SL-008,2026-10-02 15:00:00,75.375586
SL-008,2026-10-02 16:00:00,69.567782
SL-008,2026-10-02 17:00:00,72.531049
SL-008,2026-10-02 18:00:00,65.806926
SL-008,2026-10-02 19:00:00,72.554479
SL-008,2026-10-02 20:00:00,73.422692
SL-008,2026-10-02 21:00:00,69.507969
SL-008,2026-10-02 22:00:00,71.46763
SL-008,2026-10-02 23:00:00,76.575378
SL-008,2026-10-03 00:00:00,79.181637
SL-008,2026-10-03 01:00:00,79.49968
SL-008,2026-10-03 02:00:00,87.418593
SL-008,2026-10-03 03:00:00,82.646765
SL-008,2026-10-03 04:00:00,90.11192
SL-008,2026-10-03 05:00:00,92.248877
SL-008,2026-10-03 06:00:00,93.975153
SL-008,2026-10-03 07:00:00,96.255496
SL-008,2026-10-03 08:00:00,91.367843
SL-008,2026-10-03 09:00:00,95.745071
SL-008,2026-10-03 10:00:00,91.660177
SL-008,2026-10-03 11:00:00,87.896477
SL-008,2026-10-03 12:00:00,82.989295
SL-008,2026-10-03 13:00:00,80.577297
SL-008,2026-10-03 14:00:00,82.250442
SL-008,2026-10-03 15:00:00,75.537839
SL-008,2026-10-03 16:00:00,76.294964
SL-008,2026-10-03 17:00:00,77.541877
SL-008,2026-10-03 18:00:00,76.415613
SL-008,2026-10-03 19:00:00,77.747844
SL-008,2026-10-03 20:00:00,72.738961
SL-008,2026-10-03 21:00:00,71.715091
SL-008,2026-10-03 22:00:00,80.071979
SL-008,2026-10-03 23:00:00,80.544
SL-008,2026-10-04 00:00:00,85.985612
SL-008,2026-10-04 01:00:00,85.840905
SL-008,2026-10-04 02:00:00,92.571946
SL-008,2026-10-04 03:00:00,94.473343
SL-008,2026-10-04 04:00:00,96.608239
SL-008,2026-10-04 05:00:00,97.902171
SL-008,2026-10-04 06:00:00,98.797276
SL-008,2026-10-04 07:00:00,98.716558
SL-008,2026-10-04 08:00:00,98.283898
SL-008,2026-10-04 09:00:00,99.371451
SL-008,2026-10-04 10:00:00,92.949725
SL-008,2026-10-04 11:00:00,97.199696
SL-008,2026-10-04 12:00:00,88.774049
SL-008,2026-10-04 13:00:00,88.940462
SL-008,2026-10-04 14:00:00,82.608523
SL-008,2026-10-04 15:00:00,79.248865
SL-008,2026-10-04 16:00:00,83.606085
SL-008,2026-10-04 17:00:00,74.680435
SL-008,2026-10-04 18:00:00,70.582374
SL-008,2026-10-04 19:00:00,71.863009
SL-008,2026-10-04 20:00:00,73.45571
SL-008,2026-10-04 21:00:00,82.055528
SL-008,2026-10-04 22:00:00,78.089078
SL-008,2026-10-04 23:00:00,82.71609
SL-008,2026-10-05 00:00:00,79.743659
SL-008,2026-10-05 01:00:00,86.83801
SL-008,2026-10-05 02:00:00,90.80968
SL-008,2026-10-05 03:00:00,96.987352
SL-008,2026-10-05 04:00:00,91.857001
SL-008,2026-10-05 05:00:00,97.52817
SL-008,2026-10-05 06:00:00,97.678236
SL-008,2026-10-05 07:00:00,93.959983
SL-008,2026-10-05 08:00:00,96.398247
SL-008,2026-10-05 09:00:00,94.305246
SL-008,2026-10-05 10:00:00,86.050564
SL-008,2026-10-05 11:00:00,92.177877
SL-008,2026-10-05 12:00:00,88.953223
SL-008,2026-10-05 13:00:00,82.760175
SL-008,2026-10-05 14:00:00,76.81184
SL-008,2026-10-05 15:00:00,82.23527
SL-008,2026-10-05 16:00:00,75.975676
SL-008,2026-10-05 17:00:00,76.191704
SL-008,2026-10-05 18:00:00,76.046384
SL-008,2026-10-05 19:00:00,69.715828
SL-008,2026-10-05 20:00:00,73.992862
SL-008,2026-10-05 21:00:00,71.895209
SL-008,2026-10-05 22:00:00,74.193723
SL-008,2026-10-05 23:00:00,76.455834
SL-008,2026-10-06 00:00:00,79.437881
SL-008,2026-10-06 01:00:00,85.712716
SL-008,2026-10-06 02:00:00,85.659418
SL-008,2026-10-06 03:00:00,87.520909
SL-008,2026-10-06 04:00:00,89.427818
SL-008,2026-10-06 05:00:00,92.970401
SL-008,2026-10-06 06:00:00,90.23705
SL-008,2026-10-06 07:00:00,91.596119
SL-008,2026-10-06 08:00:00,92.312022
SL-008,2026-10-06 09:00:00,89.349232
SL-008,2026-10-06 10:00:00,88.566859
SL-008,2026-10-06 11:00:00,84.395427
SL-008,2026-10-06 12:00:00,89.146324
SL-008,2026-10-06 13:00:00,83.828062
SL-008,2026-10-06 14:00:00,77.90915
SL-008,2026-10-06 15:00:00,73.340376
SL-008,2026-10-06 16:00:00,77.435417
SL-008,2026-10-06 17:00:00,69.781782
SL-008,2026-10-06 18:00:00,67.218137
SL-008,2026-10-06 19:00:00,67.849178
SL-008,2026-10-06 20:00:00,68.139542
SL-008,2026-10-06 21:00:00,72.52505
SL-008,2026-10-06 22:00:00,70.01609
SL-008,2026-10-06 23:00:00,78.724472
SL-008,2026-10-07 00:00:00,72.537786
SL-008,2026-10-07 01:00:00,83.828062
SL-008,2026-10-07 02:00:00,83.828062
SL-008,2026-10-07 03:00:00,83.828062
SL-008,2026-10-07 04:00:00,83.828062
SL-008,2026-10-07 05:00:00,83.828062
SL-008,2026-10-07 06:00:00,83.828062
SL-008,2026-10-07 07:00:00,83.828062
SL-008,2026-10-07 08:00:00,83.828062
SL-008,2026-10-07 09:00:00,83.828062
SL-008,2026-10-07 10:00:00,83.828062
SL-008,2026-10-07 11:00:00,83.828062
SL-008,2026-10-07 12:00:00,83.828062
SL-009,2026-09-27 13:00:00,125.703994
SL-009,2026-09-27 14:00:00,121.593165
SL-009,2026-09-27 15:00:00,122.311684
SL-009,2026-09-27 16:00:00,122.300155
SL-009,2026-09-27 17:00:00,109.326279
SL-009,2026-09-27 18:00:00,112.655373
SL-009,2026-09-27 19:00:00,110.296484
SL-009,2026-09-27 20:00:00,112.337311
SL-009,2026-09-27 21:00:00,108.121813
SL-009,2026-09-27 22:00:00,111.45313
SL-009,2026-09-27 23:00:00,110.42324
SL-009,2026-09-28 00:00:00,117.901283
SL-009,2026-09-28 01:00:00,118.840439
SL-009,2026-09-28 02:00:00,121.062571
SL-009,2026-09-28 03:00:00,125.726545
SL-009,2026-09-28 04:00:00,126.79693
SL-009,2026-09-28 05:00:00,125.443218
SL-009,2026-09-28 06:00:00,133.928132
SL-009,2026-09-28 07:00:00,134.365857
SL-009,2026-09-28 08:00:00,133.624305
SL-009,2026-09-28 09:00:00,136.806135
SL-009,2026-09-28 10:00:00,136.460434
SL-009,2026-09-28 11:00:00,127.734803
SL-009,2026-09-28 12:00:00,126.243104
SL-009,2026-09-28 13:00:00,130.328406
SL-009,2026-09-28 14:00:00,126.758396
SL-009,2026-09-28 15:00:00,117.02562
SL-009,2026-09-28 16:00:00,112.574764
SL-009,2026-09-28 17:00:00,111.421213
SL-009,2026-09-28 18:00:00,109.577761
SL-009,2026-09-28 19:00:00,104.723709
SL-009,2026-09-28 20:00:00,108.737588
SL-009,2026-09-28 21:00:00,104.782531
SL-009,2026-09-28 22:00:00,105.772589
SL-009,2026-09-28 23:00:00,113.670502
SL-009,2026-09-29 00:00:00,111.014299
SL-009,2026-09-29 01:00:00,115.457231
SL-009,2026-09-29 02:00:00,120.443682
SL-009,2026-09-29 03:00:00,123.949603
SL-009,2026-09-29 04:00:00,123.308163
SL-009,2026-09-29 05:00:00,126.913272
SL-009,2026-09-29 06:00:00,126.239004
SL-009,2026-09-29 07:00:00,135.2203
SL-009,2026-09-29 08:00:00,132.421269
SL-009,2026-09-29 09:00:00,126.839334
SL-009,2026-09-29 10:00:00,129.03281
SL-009,2026-09-29 11:00:00,129.291283
SL-009,2026-09-29 12:00:00,126.09223
SL-009,2026-09-29 13:00:00,127.175914
SL-009,2026-09-29 14:00:00,122.560429
SL-009,2026-09-29 15:00:00,113.509968
SL-009,2026-09-29 16:00:00,111.687648
SL-009,2026-09-29 17:00:00,105.284615
SL-009,2026-09-29 18:00:00,107.578702
SL-009,2026-09-29 19:00:00,105.656043
SL-009,2026-09-29 20:00:00,112.456426
SL-009,2026-09-29 21:00:00,104.598513
SL-009,2026-09-29 22:00:00,98.793588
SL-009,2026-09-29 23:00:00,104.568434
SL-009,2026-09-30 00:00:00,109.062414
SL-009,2026-09-30 01:00:00,107.570156
SL-009,2026-09-30 02:00:00,111.632446
SL-009,2026-09-30 03:00:00,116.107862
SL-009,2026-09-30 04:00:00,121.062682
SL-009,2026-09-30 05:00:00,122.03209
SL-009,2026-09-30 06:00:00,121.829843
SL-009,2026-09-30 07:00:00,128.164543
SL-009,2026-09-30 08:00:00,124.722707
SL-009,2026-09-30 09:00:00,124.573964
SL-009,2026-09-30 10:00:00,120.862858
SL-009,2026-09-30 11:00:00,120.837718
SL-009,2026-09-30 12:00:00,122.723941
SL-009,2026-09-30 13:00:00,113.024992
SL-009,2026-09-30 14:00:00,114.49976
SL-009,2026-09-30 15:00:00,113.636343
SL-009,2026-09-30 16:00:00,107.269714
SL-009,2026-09-30 17:00:00,106.390001
SL-009,2026-09-30 18:00:00,100.121728
SL-009,2026-09-30 19:00:00,105.880655
SL-009,2026-09-30 20:00:00,104.505594
SL-009,2026-09-30 21:00:00,101.982771
SL-009,2026-09-30 22:00:00,96.896852
SL-009,2026-09-30 23:00:00,100.657879
SL-009,2026-10-01 00:00:00,108.992778
SL-009,2026-10-01 01:00:00,113.944821
SL-009,2026-10-01 02:00:00,112.724667
SL-009,2026-10-01 03:00:00,118.68433
SL-009,2026-10-01 04:00:00,116.091581
SL-009,2026-10-01 05:00:00,119.980558
SL-009,2026-10-01 06:00:00,122.66734
SL-009,2026-10-01 07:00:00,125.385462
SL-009,2026-10-01 08:00:00,120.220538
SL-009,2026-10-01 09:00:00,127.512058
SL-009,2026-10-01 10:00:00,127.742373
SL-009,2026-10-01 11:00:00,118.678949
SL-009,2026-10-01 12:00:00,115.789963
SL-009,2026-10-01 13:00:00,118.176237
SL-009,2026-10-01 14:00:00,112.157241
SL-009,2026-10-01 15:00:00,103.938701
SL-009,2026-10-01 16:00:00,110.556542
SL-009,2026-10-01 17:00:00,106.029273
SL-009,2026-10-01 18:00:00,102.096289
SL-009,2026-10-01 19:00:00,108.506458
SL-009,2026-10-01 20:00:00,101.997341
SL-009,2026-10-01 21:00:00,99.555521
SL-009,2026-10-01 22:00:00,103.165679
SL-009,2026-10-01 23:00:00,101.535312
SL-009,2026-10-02 00:00:00,104.795719
SL-009,2026-10-02 01:00:00,111.139709
SL-009,2026-10-02 02:00:00,111.502737
SL-009,2026-10-02 03:00:00,115.073449
SL-009,2026-10-02 04:00:00,124.557112
SL-009,2026-10-02 05:00:00,124.912202
SL-009,2026-10-02 06:00:00,127.003539
SL-009,2026-10-02 07:00:00,127.777715
SL-009,2026-10-02 08:00:00,128.47569
SL-009,2026-10-02 09:00:00,131.413858
SL-009,2026-10-02 10:00:00,126.204775
SL-009,2026-10-02 11:00:00,130.311531
SL-009,2026-10-02 12:00:00,119.7491
SL-009,2026-10-02 13:00:00,119.230414
SL-009,2026-10-02 14:00:00,112.974989
SL-009,2026-10-02 15:00:00,113.125922
SL-009,2026-10-02 16:00:00,112.903275
SL-009,2026-10-02 17:00:00,113.239993
SL-009,2026-10-02 18:00:00,104.961966
SL-009,2026-10-02 19:00:00,105.704924
SL-009,2026-10-02 20:00:00,104.11812
SL-009,2026-10-02 21:00:00,103.302318
SL-009,2026-10-02 22:00:00,103.078396
SL-009,2026-10-02 23:00:00,108.698526
SL-009,2026-10-03 00:00:00,105.816979
SL-009,2026-10-03 01:00:00,114.310397
SL-009,2026-10-03 02:00:00,117.286555
SL-009,2026-10-03 03:00:00,118.566033
SL-009,2026-10-03 04:00:00,120.679271
SL-009,2026-10-03 05:00:00,122.38501
SL-009,2026-10-03 06:00:00,134.450814
SL-009,2026-10-03 07:00:00,126.438275
SL-009,2026-10-03 08:00:00,135.994301
SL-009,2026-10-03 09:00:00,133.161877
SL-009,2026-10-03 10:00:00,129.501763
SL-009,2026-10-03 11:00:00,125.611247
SL-009,2026-10-03 12:00:00,130.069285
SL-009,2026-10-03 13:00:00,129.517923
SL-009,2026-10-03 14:00:00,118.631029
SL-009,2026-10-03 15:00:00,117.566166
SL-009,2026-10-03 16:00:00,118.784795
SL-009,2026-10-03 17:00:00,114.146405
SL-009,2026-10-03 18:00:00,117.169514
SL-009,2026-10-03 19:00:00,108.155239
SL-009,2026-10-03 20:00:00,110.952425
SL-009,2026-10-03 21:00:00,105.842497
SL-009,2026-10-03 22:00:00,116.953033
SL-009,2026-10-03 23:00:00,110.280384
SL-009,2026-10-04 00:00:00,108.274644
SL-009,2026-10-04 01:00:00,117.411922
SL-009,2026-10-04 02:00:00,120.535599
SL-009,2026-10-04 03:00:00,129.930718
SL-009,2026-10-04 04:00:00,126.249673
SL-009,2026-10-04 05:00:00,129.958611
SL-009,2026-10-04 06:00:00,133.975378
SL-009,2026-10-04 07:00:00,138.476162
SL-009,2026-10-04 08:00:00,134.27504
SL-009,2026-10-04 09:00:00,137.509331
SL-009,2026-10-04 10:00:00,135.059337
SL-009,2026-10-04 11:00:00,130.982699
SL-009,2026-10-04 12:00:00,129.837166
SL-009,2026-10-04 13:00:00,126.947735
SL-009,2026-10-04 14:00:00,121.084277
SL-009,2026-10-04 15:00:00,124.36584
SL-009,2026-10-04 16:00:00,113.595444
SL-009,2026-10-04 17:00:00,118.631958
SL-009,2026-10-04 18:00:00,115.866533
SL-009,2026-10-04 19:00:00,111.271851
SL-009,2026-10-04 20:00:00,108.563872
SL-009,2026-10-04 21:00:00,110.297838
SL-009,2026-10-04 22:00:00,113.310762
SL-009,2026-10-04 23:00:00,115.771192
SL-009,2026-10-05 00:00:00,116.671946
SL-009,2026-10-05 01:00:00,121.519024
SL-009,2026-10-05 02:00:00,119.874691
SL-009,2026-10-05 03:00:00,125.319711
SL-009,2026-10-05 04:00:00,122.831342
SL-009,2026-10-05 05:00:00,132.395561
SL-009,2026-10-05 06:00:00,132.60047
SL-009,2026-10-05 07:00:00,132.254323
SL-009,2026-10-05 08:00:00,137.571171
SL-009,2026-10-05 09:00:00,135.925938
SL-009,2026-10-05 10:00:00,124.355765
SL-009,2026-10-05 11:00:00,131.131301
SL-009,2026-10-05 12:00:00,124.22126
SL-009,2026-10-05 13:00:00,128.886531
SL-009,2026-10-05 14:00:00,129.969064
SL-009,2026-10-05 15:00:00,117.685199
SL-009,2026-10-05 16:00:00,116.340632
SL-009,2026-10-05 17:00:00,112.580815
SL-009,2026-10-05 18:00:00,112.124549
SL-009,2026-10-05 19:00:00,111.409553
SL-009,2026-10-05 20:00:00,112.505668
SL-009,2026-10-05 21:00:00,105.660804
SL-009,2026-10-05 22:00:00,114.118662
SL-009,2026-10-05 23:00:00,108.127642
SL-009,2026-10-06 00:00:00,113.895133
SL-009,2026-10-06 01:00:00,119.147374
SL-009,2026-10-06 02:00:00,120.695989
SL-009,2026-10-06 03:00:00,118.694206
SL-009,2026-10-06 04:00:00,122.213453
SL-009,2026-10-06 05:00:00,125.393927
SL-009,2026-10-06 06:00:00,128.561714
SL-009,2026-10-06 07:00:00,133.419021
SL-009,2026-10-06 08:00:00,126.595986
SL-009,2026-10-06 09:00:00,131.549158
SL-009,2026-10-06 10:00:00,130.850554
SL-009,2026-10-06 11:00:00,128.825495
SL-009,2026-10-06 12:00:00,126.052916
SL-009,2026-10-06 13:00:00,126.243358
SL-009,2026-10-06 14:00:00,119.906897
SL-009,2026-10-06 15:00:00,117.698765
SL-009,2026-10-06 16:00:00,113.645829
SL-009,2026-10-06 17:00:00,114.508578
SL-009,2026-10-06 18:00:00,101.130929
SL-009,2026-10-06 19:00:00,109.049306
SL-009,2026-10-06 20:00:00,103.562885
SL-009,2026-10-06 21:00:00,103.463638
SL-009,2026-10-06 22:00:00,102.164915
SL-009,2026-10-06 23:00:00,100.978607
SL-009,2026-10-07 00:00:00,107.579682
SL-009,2026-10-07 01:00:00,109.276322
SL-009,2026-10-07 02:00:00,115.716591
SL-009,2026-10-07 03:00:00,112.787982
SL-009,2026-10-07 04:00:00,124.332087
SL-009,2026-10-07 05:00:00,123.343918
SL-009,2026-10-07 06:00:00,123.753832
SL-009,2026-10-07 07:00:00,123.673229
SL-009,2026-10-07 08:00:00,123.979998
SL-009,2026-10-07 09:00:00,122.681629
SL-009,2026-10-07 10:00:00,123.368731
SL-009,2026-10-07 11:00:00,123.213917
SL-009,2026-10-07 12:00:00,120.236535
SL-010,2026-09-27 13:00:00,51.27229
SL-010,2026-09-27 14:00:00,57.010692
SL-010,2026-09-27 15:00:00,64.992719
SL-010,2026-09-27 16:00:00,64.222557
SL-010,2026-09-27 17:00:00,64.224728
SL-010,2026-09-27 18:00:00,62.769687
SL-010,2026-09-27 19:00:00,65.362686
SL-010,2026-09-27 20:00:00,65.845331
SL-010,2026-09-27 21:00:00,73.617217
SL-010,2026-09-27 22:00:00,68.86423
SL-010,2026-09-27 23:00:00,70.260271
SL-010,2026-09-28 00:00:00,66.373972
SL-010,2026-09-28 01:00:00,66.048098
SL-010,2026-09-28 02:00:00,67.036608
SL-010,2026-09-28 03:00:00,57.544605
SL-010,2026-09-28 04:00:00,55.263256
SL-010,2026-09-28 05:00:00,50.686226
SL-010,2026-09-28 06:00:00,52.885307
SL-010,2026-09-28 07:00:00,44.859829
SL-010,2026-09-28 08:00:00,42.879163
SL-010,2026-09-28 09:00:00,41.223445
SL-010,2026-09-28 10:00:00,41.085878
SL-010,2026-09-28 11:00:00,47.459294
SL-010,2026-09-28 12:00:00,55.238633
SL-010,2026-09-28 13:00:00,46.667159
SL-010,2026-09-28 14:00:00,55.112195
SL-010,2026-09-28 15:00:00,55.909636
SL-010,2026-09-28 16:00:00,54.835945
SL-010,2026-09-28 17:00:00,60.171368
SL-010,2026-09-28 18:00:00,62.831642
SL-010,2026-09-28 19:00:00,63.475238
SL-010,2026-09-28 20:00:00,72.697915
SL-010,2026-09-28 21:00:00,61.787244
SL-010,2026-09-28 22:00:00,68.440044
SL-010,2026-09-28 23:00:00,67.281146
SL-010,2026-09-29 00:00:00,62.797168
SL-010,2026-09-29 01:00:00,62.606099
SL-010,2026-09-29 02:00:00,61.939613
SL-010,2026-09-29 03:00:00,56.629939
SL-010,2026-09-29 04:00:00,54.212251
SL-010,2026-09-29 05:00:00,51.96466
SL-010,2026-09-29 06:00:00,41.057097
SL-010,2026-09-29 07:00:00,49.379162
SL-010,2026-09-29 08:00:00,50.239622
SL-010,2026-09-29 09:00:00,45.578985
SL-010,2026-09-29 10:00:00,45.729872
SL-010,2026-09-29 11:00:00,39.330531
SL-010,2026-09-29 12:00:00,44.819201
SL-010,2026-09-29 13:00:00,44.998247
SL-010,2026-09-29 14:00:00,48.418031
SL-010,2026-09-29 15:00:00,56.123354
SL-010,2026-09-29 16:00:00,53.942817
SL-010,2026-09-29 17:00:00,58.972746
SL-010,2026-09-29 18:00:00,56.317601
SL-010,2026-09-29 19:00:00,63.738448
SL-010,2026-09-29 20:00:00,65.997858
SL-010,2026-09-29 21:00:00,64.36991
SL-010,2026-09-29 22:00:00,64.274339
SL-010,2026-09-29 23:00:00,71.242503
SL-010,2026-09-30 00:00:00,60.364026
SL-010,2026-09-30 01:00:00,58.624321
SL-010,2026-09-30 02:00:00,56.660221
SL-010,2026-09-30 03:00:00,59.710825
SL-010,2026-09-30 04:00:00,59.369797
SL-010,2026-09-30 05:00:00,51.14946
SL-010,2026-09-30 06:00:00,45.43006
SL-010,2026-09-30 07:00:00,44.250719
SL-010,2026-09-30 08:00:00,47.349351
SL-010,2026-09-30 09:00:00,40.812866
SL-010,2026-09-30 10:00:00,48.115183
SL-010,2026-09-30 11:00:00,49.028973
SL-010,2026-09-30 12:00:00,46.763865
SL-010,2026-09-30 13:00:00,50.904385
SL-010,2026-09-30 14:00:00,54.111187
SL-010,2026-09-30 15:00:00,59.715576
SL-010,2026-09-30 16:00:00,55.176671
SL-010,2026-09-30 17:00:00,65.026212
SL-010,2026-09-30 18:00:00,63.177285
SL-010,2026-09-30 19:00:00,64.307004
SL-010,2026-09-30 20:00:00,68.565933
SL-010,2026-09-30 21:00:00,68.501382
SL-010,2026-09-30 22:00:00,66.257961
SL-010,2026-09-30 23:00:00,63.700092
SL-010,2026-10-01 00:00:00,64.194163
SL-010,2026-10-01 01:00:00,69.27454
SL-010,2026-10-01 02:00:00,68.22597
SL-010,2026-10-01 03:00:00,61.420893
SL-010,2026-10-01 04:00:00,60.079595
SL-010,2026-10-01 05:00:00,52.154721
SL-010,2026-10-01 06:00:00,50.993516
SL-010,2026-10-01 07:00:00,50.110743
SL-010,2026-10-01 08:00:00,44.719937
SL-010,2026-10-01 09:00:00,44.460163
SL-010,2026-10-01 10:00:00,48.001402
SL-010,2026-10-01 11:00:00,47.835925
SL-010,2026-10-01 12:00:00,47.438622
SL-010,2026-10-01 13:00:00,54.254395
SL-010,2026-10-01 14:00:00,55.247893
SL-010,2026-10-01 15:00:00,62.333926
SL-010,2026-10-01 16:00:00,62.567642
SL-010,2026-10-01 17:00:00,64.86313
SL-010,2026-10-01 18:00:00,68.990745
SL-010,2026-10-01 19:00:00,70.416376
SL-010,2026-10-01 20:00:00,70.587056
SL-010,2026-10-01 21:00:00,72.277005
SL-010,2026-10-01 22:00:00,75.806266
SL-010,2026-10-01 23:00:00,74.762247
SL-010,2026-10-02 00:00:00,75.196733
SL-010,2026-10-02 01:00:00,64.137038
SL-010,2026-10-02 02:00:00,65.432478
SL-010,2026-10-02 03:00:00,62.469267
SL-010,2026-10-02 04:00:00,61.242612
SL-010,2026-10-02 05:00:00,56.511369
SL-010,2026-10-02 06:00:00,53.799367
SL-010,2026-10-02 07:00:00,55.670888
SL-010,2026-10-02 08:00:00,52.497476
SL-010,2026-10-02 09:00:00,47.864609
SL-010,2026-10-02 10:00:00,55.575891
SL-010,2026-10-02 11:00:00,55.572991
SL-010,2026-10-02 12:00:00,52.611412
SL-010,2026-10-02 13:00:00,59.205558
SL-010,2026-10-02 14:00:00,57.35702
SL-010,2026-10-02 15:00:00,66.07467
SL-010,2026-10-02 16:00:00,65.255539
SL-010,2026-10-02 17:00:00,66.574856
SL-010,2026-10-02 18:00:00,70.596729
SL-010,2026-10-02 19:00:00,71.627788
SL-010,2026-10-02 20:00:00,76.041017
SL-010,2026-10-02 21:00:00,76.758024
SL-010,2026-10-02 22:00:00,76.287838
SL-010,2026-10-02 23:00:00,73.644189
SL-010,2026-10-03 00:00:00,62.711576
SL-010,2026-10-03 01:00:00,71.713436
SL-010,2026-10-03 02:00:00,63.00099
SL-010,2026-10-03 03:00:00,66.379629
SL-010,2026-10-03 04:00:00,65.90717
SL-010,2026-10-03 05:00:00,60.327915
SL-010,2026-10-03 06:00:00,55.657654
SL-010,2026-10-03 07:00:00,54.115931
SL-010,2026-10-03 08:00:00,52.742312
SL-010,2026-10-03 09:00:00,50.737301
SL-010,2026-10-03 10:00:00,50.683939
SL-010,2026-10-03 11:00:00,50.514386
SL-010,2026-10-03 12:00:00,58.440536
SL-010,2026-10-03 13:00:00,57.046475
SL-010,2026-10-03 14:00:00,62.65087
SL-010,2026-10-03 15:00:00,62.004787
SL-010,2026-10-03 16:00:00,66.020641
SL-010,2026-10-03 17:00:00,68.205227
SL-010,2026-10-03 18:00:00,72.675802
SL-010,2026-10-03 19:00:00,75.815298
SL-010,2026-10-03 20:00:00,75.433507
SL-010,2026-10-03 21:00:00,73.301789
SL-010,2026-10-03 22:00:00,72.773103
SL-010,2026-10-03 23:00:00,79.067581
SL-010,2026-10-04 00:00:00,71.475953
SL-010,2026-10-04 01:00:00,69.030006
SL-010,2026-10-04 02:00:00,71.40238
SL-010,2026-10-04 03:00:00,67.079946
SL-010,2026-10-04 04:00:00,62.139795
SL-010,2026-10-04 05:00:00,56.188519
SL-010,2026-10-04 06:00:00,61.625931
SL-010,2026-10-04 07:00:00,53.437942
SL-010,2026-10-04 08:00:00,52.252349
SL-010,2026-10-04 09:00:00,49.211574
SL-010,2026-10-04 10:00:00,45.405945
SL-010,2026-10-04 11:00:00,46.372938
SL-010,2026-10-04 12:00:00,53.069794
SL-010,2026-10-04 13:00:00,55.127327
SL-010,2026-10-04 14:00:00,55.811051
SL-010,2026-10-04 15:00:00,55.883712
SL-010,2026-10-04 16:00:00,58.022516
SL-010,2026-10-04 17:00:00,64.180536
SL-010,2026-10-04 18:00:00,63.275953
SL-010,2026-10-04 19:00:00,72.303605
SL-010,2026-10-04 20:00:00,74.363495
SL-010,2026-10-04 21:00:00,79.926414
SL-010,2026-10-04 22:00:00,73.79439
SL-010,2026-10-04 23:00:00,68.293922
SL-010,2026-10-05 00:00:00,65.62502
SL-010,2026-10-05 01:00:00,55.419324
SL-010,2026-10-05 02:00:00,61.046909
SL-010,2026-10-05 03:00:00,59.068522
SL-010,2026-10-05 04:00:00,59.189544
SL-010,2026-10-05 05:00:00,54.940058
SL-010,2026-10-05 06:00:00,52.026631
SL-010,2026-10-05 07:00:00,48.577864
SL-010,2026-10-05 08:00:00,48.260843
SL-010,2026-10-05 09:00:00,49.729234
SL-010,2026-10-05 10:00:00,42.116668
SL-010,2026-10-05 11:00:00,44.674709
SL-010,2026-10-05 12:00:00,43.365663
SL-010,2026-10-05 13:00:00,54.509269
SL-010,2026-10-05 14:00:00,56.148165
SL-010,2026-10-05 15:00:00,57.413167
SL-010,2026-10-05 16:00:00,54.546359
SL-010,2026-10-05 17:00:00,61.520301
SL-010,2026-10-05 18:00:00,62.826474
SL-010,2026-10-05 19:00:00,65.789825
SL-010,2026-10-05 20:00:00,66.34174
SL-010,2026-10-05 21:00:00,69.065465
SL-010,2026-10-05 22:00:00,66.112415
SL-010,2026-10-05 23:00:00,68.850284
SL-010,2026-10-06 00:00:00,65.260201
SL-010,2026-10-06 01:00:00,61.278362
SL-010,2026-10-06 02:00:00,58.971238
SL-010,2026-10-06 03:00:00,54.849971
SL-010,2026-10-06 04:00:00,55.401927
SL-010,2026-10-06 05:00:00,49.071531
SL-010,2026-10-06 06:00:00,48.037937
SL-010,2026-10-06 07:00:00,43.766814
SL-010,2026-10-06 08:00:00,38.949404
SL-010,2026-10-06 09:00:00,45.354913
SL-010,2026-10-06 10:00:00,39.514499
SL-010,2026-10-06 11:00:00,45.592755
SL-010,2026-10-06 12:00:00,46.434944
SL-010,2026-10-06 13:00:00,42.466278
SL-010,2026-10-06 14:00:00,47.345569
SL-010,2026-10-06 15:00:00,51.679942
SL-010,2026-10-06 16:00:00,53.892365
SL-010,2026-10-06 17:00:00,55.816837
SL-010,2026-10-06 18:00:00,64.26363
SL-010,2026-10-06 19:00:00,63.495228
SL-010,2026-10-06 20:00:00,66.884879
SL-010,2026-10-06 21:00:00,65.192756
SL-010,2026-10-06 22:00:00,67.349985
SL-010,2026-10-06 23:00:00,63.329781
SL-010,2026-10-07 00:00:00,63.913708
SL-010,2026-10-07 01:00:00,63.521709
SL-010,2026-10-07 02:00:00,59.22247
SL-010,2026-10-07 03:00:00,54.743037
SL-010,2026-10-07 04:00:00,49.80517
SL-010,2026-10-07 05:00:00,50.655831
SL-010,2026-10-07 06:00:00,48.61685
SL-010,2026-10-07 07:00:00,44.758838
SL-010,2026-10-07 08:00:00,41.846953
SL-010,2026-10-07 09:00:00,45.173819
SL-010,2026-10-07 10:00:00,51.201534
SL-010,2026-10-07 11:00:00,43.871852
SL-010,2026-10-07 12:00:00,47.563459
SL-011,2026-09-27 13:00:00,124.685553
SL-011,2026-09-27 14:00:00,120.306656
SL-011,2026-09-27 15:00:00,124.124465
SL-011,2026-09-27 16:00:00,116.357401
SL-011,2026-09-27 17:00:00,111.739816
SL-011,2026-09-27 18:00:00,110.386357
SL-011,2026-09-27 19:00:00,108.738042
SL-011,2026-09-27 20:00:00,104.177005
SL-011,2026-09-27 21:00:00,103.904549
SL-011,2026-09-27 22:00:00,98.91843
SL-011,2026-09-27 23:00:00,102.012167
SL-011,2026-09-28 00:00:00,105.532495
SL-011,2026-09-28 01:00:00,110.407258
SL-011,2026-09-28 02:00:00,108.603056
SL-011,2026-09-28 03:00:00,109.837922
SL-011,2026-09-28 04:00:00,115.493923
SL-011,2026-09-28 05:00:00,118.102918
SL-011,2026-09-28 06:00:00,123.11021
SL-011,2026-09-28 07:00:00,124.199098
SL-011,2026-09-28 08:00:00,122.994517
SL-011,2026-09-28 09:00:00,125.919346
SL-011,2026-09-28 10:00:00,126.751191
SL-011,2026-09-28 11:00:00,127.387565
SL-011,2026-09-28 12:00:00,126.525439
SL-011,2026-09-28 13:00:00,122.230276
SL-011,2026-09-28 14:00:00,116.216782
SL-011,2026-09-28 15:00:00,117.894581
SL-011,2026-09-28 16:00:00,110.818295
SL-011,2026-09-28 17:00:00,113.891478
SL-011,2026-09-28 18:00:00,110.509315
SL-011,2026-09-28 19:00:00,102.504924
SL-011,2026-09-28 20:00:00,107.054941
SL-011,2026-09-28 21:00:00,105.638464
SL-011,2026-09-28 22:00:00,102.086889
SL-011,2026-09-28 23:00:00,106.354074
SL-011,2026-09-29 00:00:00,107.330214
SL-011,2026-09-29 01:00:00,99.240178
SL-011,2026-09-29 02:00:00,107.803018
SL-011,2026-09-29 03:00:00,108.407534
SL-011,2026-09-29 04:00:00,111.116642
SL-011,2026-09-29 05:00:00,115.627088
SL-011,2026-09-29 06:00:00,113.601537
SL-011,2026-09-29 07:00:00,116.679877
SL-011,2026-09-29 08:00:00,118.242949
SL-011,2026-09-29 09:00:00,120.126818
SL-011,2026-09-29 10:00:00,123.042208
SL-011,2026-09-29 11:00:00,119.130248
SL-011,2026-09-29 12:00:00,119.676593
SL-011,2026-09-29 13:00:00,123.088523
SL-011,2026-09-29 14:00:00,118.98676
SL-011,2026-09-29 15:00:00,117.628677
SL-011,2026-09-29 16:00:00,107.701847
SL-011,2026-09-29 17:00:00,107.717236
SL-011,2026-09-29 18:00:00,105.123661
SL-011,2026-09-29 19:00:00,103.841685
SL-011,2026-09-29 20:00:00,99.367526
SL-011,2026-09-29 21:00:00,101.902387
SL-011,2026-09-29 22:00:00,97.623774
SL-011,2026-09-29 23:00:00,97.341398
SL-011,2026-09-30 00:00:00,97.640802
SL-011,2026-09-30 01:00:00,100.818532
SL-011,2026-09-30 02:00:00,99.071725
SL-011,2026-09-30 03:00:00,106.209007
SL-011,2026-09-30 04:00:00,106.96778
SL-011,2026-09-30 05:00:00,108.986842
SL-011,2026-09-30 06:00:00,111.566312
SL-011,2026-09-30 07:00:00,115.687083
SL-011,2026-09-30 08:00:00,119.431489
SL-011,2026-09-30 09:00:00,120.889696
SL-011,2026-09-30 10:00:00,120.132219
SL-011,2026-09-30 11:00:00,121.794139
SL-011,2026-09-30 12:00:00,118.864523
SL-011,2026-09-30 13:00:00,120.832513
SL-011,2026-09-30 14:00:00,114.868351
SL-011,2026-09-30 15:00:00,106.038282
SL-011,2026-09-30 16:00:00,113.208424
SL-011,2026-09-30 17:00:00,106.264597
SL-011,2026-09-30 18:00:00,99.201815
SL-011,2026-09-30 19:00:00,99.133103
SL-011,2026-09-30 20:00:00,94.52276
SL-011,2026-09-30 21:00:00,101.520971
SL-011,2026-09-30 22:00:00,95.484403
SL-011,2026-09-30 23:00:00,88.857439
SL-011,2026-10-01 00:00:00,95.597582
SL-011,2026-10-01 01:00:00,93.948032
SL-011,2026-10-01 02:00:00,102.782355
SL-011,2026-10-01 03:00:00,96.329727
SL-011,2026-10-01 04:00:00,95.597771
SL-011,2026-10-01 05:00:00,105.583401
SL-011,2026-10-01 06:00:00,107.37228
SL-011,2026-10-01 07:00:00,109.970102
SL-011,2026-10-01 08:00:00,107.177778
SL-011,2026-10-01 09:00:00,116.676109
SL-011,2026-10-01 10:00:00,121.497344
SL-011,2026-10-01 11:00:00,111.043143
SL-011,2026-10-01 12:00:00,119.766412
SL-011,2026-10-01 13:00:00,113.252326
SL-011,2026-10-01 14:00:00,120.021723
SL-011,2026-10-01 15:00:00,111.744121
SL-011,2026-10-01 16:00:00,106.952059
SL-011,2026-10-01 17:00:00,107.728771
SL-011,2026-10-01 18:00:00,102.917622
SL-011,2026-10-01 19:00:00,96.72972
SL-011,2026-10-01 20:00:00,98.24076
SL-011,2026-10-01 21:00:00,92.782127
SL-011,2026-10-01 22:00:00,87.879047
SL-011,2026-10-01 23:00:00,99.071847
SL-011,2026-10-02 00:00:00,92.484992
SL-011,2026-10-02 01:00:00,93.053614
SL-011,2026-10-02 02:00:00,97.946694
SL-011,2026-10-02 03:00:00,94.869705
SL-011,2026-10-02 04:00:00,98.501083
SL-011,2026-10-02 05:00:00,104.271677
SL-011,2026-10-02 06:00:00,107.403346
SL-011,2026-10-02 07:00:00,112.142238
SL-011,2026-10-02 08:00:00,117.835454
SL-011,2026-10-02 09:00:00,114.998247
SL-011,2026-10-02 10:00:00,119.13728
SL-011,2026-10-02 11:00:00,119.911777
SL-011,2026-10-02 12:00:00,114.490774
SL-011,2026-10-02 13:00:00,117.285425
SL-011,2026-10-02 14:00:00,111.937313
SL-011,2026-10-02 15:00:00,115.564924
SL-011,2026-10-02 16:00:00,110.961805
SL-011,2026-10-02 17:00:00,106.683984
SL-011,2026-10-02 18:00:00,99.680078
SL-011,2026-10-02 19:00:00,101.349194
SL-011,2026-10-02 20:00:00,96.43417
SL-011,2026-10-02 21:00:00,99.184581
SL-011,2026-10-02 22:00:00,95.762495
SL-011,2026-10-02 23:00:00,93.535463
SL-011,2026-10-03 00:00:00,99.420996
SL-011,2026-10-03 01:00:00,100.266885
SL-011,2026-10-03 02:00:00,98.478678
SL-011,2026-10-03 03:00:00,106.464489
SL-011,2026-10-03 04:00:00,105.193406
SL-011,2026-10-03 05:00:00,108.461967
SL-011,2026-10-03 06:00:00,113.039692
SL-011,2026-10-03 07:00:00,113.456236
SL-011,2026-10-03 08:00:00,117.00692
SL-011,2026-10-03 09:00:00,119.874037
SL-011,2026-10-03 10:00:00,126.250465
SL-011,2026-10-03 11:00:00,126.666812
SL-011,2026-10-03 12:00:00,121.08142
SL-011,2026-10-03 13:00:00,125.594956
SL-011,2026-10-03 14:00:00,118.84177
SL-011,2026-10-03 15:00:00,117.758134
SL-011,2026-10-03 16:00:00,116.521347
SL-011,2026-10-03 17:00:00,111.80963
SL-011,2026-10-03 18:00:00,115.262662
SL-011,2026-10-03 19:00:00,106.062086
SL-011,2026-10-03 20:00:00,99.480135
SL-011,2026-10-03 21:00:00,105.321517
SL-011,2026-10-03 22:00:00,99.217389
SL-011,2026-10-03 23:00:00,99.38137
SL-011,2026-10-04 00:00:00,91.973751
SL-011,2026-10-04 01:00:00,105.386133
SL-011,2026-10-04 02:00:00,106.965394
SL-011,2026-10-04 03:00:00,109.591577
SL-011,2026-10-04 04:00:00,113.198659
SL-011,2026-10-04 05:00:00,118.590174
SL-011,2026-10-04 06:00:00,116.605162
SL-011,2026-10-04 07:00:00,122.543293
SL-011,2026-10-04 08:00:00,120.052438
SL-011,2026-10-04 09:00:00,123.176472
SL-011,2026-10-04 10:00:00,128.63715
SL-011,2026-10-04 11:00:00,127.068017
SL-011,2026-10-04 12:00:00,121.498884
SL-011,2026-10-04 13:00:00,125.397954
SL-011,2026-10-04 14:00:00,121.877478
SL-011,2026-10-04 15:00:00,117.514402
SL-011,2026-10-04 16:00:00,118.42222
SL-011,2026-10-04 17:00:00,112.858907
SL-011,2026-10-04 18:00:00,106.330386
SL-011,2026-10-04 19:00:00,104.904893
SL-011,2026-10-04 20:00:00,111.164232
SL-011,2026-10-04 21:00:00,99.51775
SL-011,2026-10-04 22:00:00,103.649316
SL-011,2026-10-04 23:00:00,104.518096
SL-011,2026-10-05 00:00:00,105.123044
SL-011,2026-10-05 01:00:00,100.823326
SL-011,2026-10-05 02:00:00,105.518896
SL-011,2026-10-05 03:00:00,109.444661
SL-011,2026-10-05 04:00:00,114.343254
SL-011,2026-10-05 05:00:00,113.110709
SL-011,2026-10-05 06:00:00,114.628258
SL-011,2026-10-05 07:00:00,123.958852
SL-011,2026-10-05 08:00:00,126.663569
SL-011,2026-10-05 09:00:00,126.254221
SL-011,2026-10-05 10:00:00,124.387345
SL-011,2026-10-05 11:00:00,127.701432
SL-011,2026-10-05 12:00:00,126.252408
SL-011,2026-10-05 13:00:00,127.090448
SL-011,2026-10-05 14:00:00,118.780351
SL-011,2026-10-05 15:00:00,120.2584
SL-011,2026-10-05 16:00:00,116.419207
SL-011,2026-10-05 17:00:00,110.358549
SL-011,2026-10-05 18:00:00,111.142651
SL-011,2026-10-05 19:00:00,107.636401
SL-011,2026-10-05 20:00:00,103.759361
SL-011,2026-10-05 21:00:00,104.225976
SL-011,2026-10-05 22:00:00,97.542942
SL-011,2026-10-05 23:00:00,101.19015
SL-011,2026-10-06 00:00:00,103.00946
SL-011,2026-10-06 01:00:00,103.710213
SL-011,2026-10-06 02:00:00,107.922186
SL-011,2026-10-06 03:00:00,103.481652
SL-011,2026-10-06 04:00:00,105.338041
SL-011,2026-10-06 05:00:00,113.540949
SL-011,2026-10-06 06:00:00,117.124498
SL-011,2026-10-06 07:00:00,124.816465
SL-011,2026-10-06 08:00:00,122.572803
SL-011,2026-10-06 09:00:00,119.76968
SL-011,2026-10-06 10:00:00,125.755832
SL-011,2026-10-06 11:00:00,120.94883
SL-011,2026-10-06 12:00:00,118.356268
SL-011,2026-10-06 13:00:00,129.183241
SL-011,2026-10-06 14:00:00,120.177124
SL-011,2026-10-06 15:00:00,118.624664
SL-011,2026-10-06 16:00:00,115.060279
SL-011,2026-10-06 17:00:00,115.505026
SL-011,2026-10-06 18:00:00,107.642249
SL-011,2026-10-06 19:00:00,107.397175
SL-011,2026-10-06 20:00:00,98.044527
SL-011,2026-10-06 21:00:00,94.92626
SL-011,2026-10-06 22:00:00,102.078273
SL-011,2026-10-06 23:00:00,101.714934
SL-011,2026-10-07 00:00:00,99.132365
SL-011,2026-10-07 01:00:00,4.968639
SL-011,2026-10-07 02:00:00,5.049256
SL-011,2026-10-07 03:00:00,5.038867
SL-011,2026-10-07 04:00:00,5.510176
SL-011,2026-10-07 05:00:00,5.525069
SL-011,2026-10-07 06:00:00,5.647941
SL-011,2026-10-07 07:00:00,5.762727
SL-011,2026-10-07 08:00:00,5.976453
SL-011,2026-10-07 09:00:00,5.978406
SL-011,2026-10-07 10:00:00,6.062036
SL-011,2026-10-07 11:00:00,5.782859
SL-011,2026-10-07 12:00:00,6.001977
SL-012,2026-09-27 13:00:00,117.296567
SL-012,2026-09-27 14:00:00,119.023381
SL-012,2026-09-27 15:00:00,118.66481
SL-012,2026-09-27 16:00:00,117.923423
SL-012,2026-09-27 17:00:00,112.241793
SL-012,2026-09-27 18:00:00,120.352741
SL-012,2026-09-27 19:00:00,117.630634
SL-012,2026-09-27 20:00:00,121.455493
SL-012,2026-09-27 21:00:00,128.539674
SL-012,2026-09-27 22:00:00,128.980878
SL-012,2026-09-27 23:00:00,135.065139
SL-012,2026-09-28 00:00:00,144.445506
SL-012,2026-09-28 01:00:00,139.123343
SL-012,2026-09-28 02:00:00,140.044806
SL-012,2026-09-28 03:00:00,135.482946
SL-012,2026-09-28 04:00:00,135.71388
SL-012,2026-09-28 05:00:00,133.128253
SL-012,2026-09-28 06:00:00,132.680835
SL-012,2026-09-28 07:00:00,128.373424
SL-012,2026-09-28 08:00:00,126.618071
SL-012,2026-09-28 09:00:00,124.694128
SL-012,2026-09-28 10:00:00,119.027899
SL-012,2026-09-28 11:00:00,114.680116
SL-012,2026-09-28 12:00:00,112.1579
SL-012,2026-09-28 13:00:00,115.477502
SL-012,2026-09-28 14:00:00,112.869622
SL-012,2026-09-28 15:00:00,115.128816
SL-012,2026-09-28 16:00:00,115.362049
SL-012,2026-09-28 17:00:00,112.177106
SL-012,2026-09-28 18:00:00,116.893398
SL-012,2026-09-28 19:00:00,112.832645
SL-012,2026-09-28 20:00:00,126.693684
SL-012,2026-09-28 21:00:00,126.344919
SL-012,2026-09-28 22:00:00,125.040407
SL-012,2026-09-28 23:00:00,124.923644
SL-012,2026-09-29 00:00:00,131.883928
SL-012,2026-09-29 01:00:00,126.895949
SL-012,2026-09-29 02:00:00,131.230375
SL-012,2026-09-29 03:00:00,136.092129
SL-012,2026-09-29 04:00:00,133.53459
SL-012,2026-09-29 05:00:00,130.507619
SL-012,2026-09-29 06:00:00,132.793987
SL-012,2026-09-29 07:00:00,124.203861
SL-012,2026-09-29 08:00:00,125.136318
SL-012,2026-09-29 09:00:00,119.531739
SL-012,2026-09-29 10:00:00,115.218644
SL-012,2026-09-29 11:00:00,116.090733
SL-012,2026-09-29 12:00:00,109.06472
SL-012,2026-09-29 13:00:00,115.666628
SL-012,2026-09-29 14:00:00,106.830715
SL-012,2026-09-29 15:00:00,113.970293
SL-012,2026-09-29 16:00:00,104.957677
SL-012,2026-09-29 17:00:00,111.094333
SL-012,2026-09-29 18:00:00,107.434082
SL-012,2026-09-29 19:00:00,109.357867
SL-012,2026-09-29 20:00:00,116.633489
SL-012,2026-09-29 21:00:00,121.18905
SL-012,2026-09-29 22:00:00,118.353332
SL-012,2026-09-29 23:00:00,128.554151
SL-012,2026-09-30 00:00:00,125.042079
SL-012,2026-09-30 01:00:00,129.698185
SL-012,2026-09-30 02:00:00,131.617698
SL-012,2026-09-30 03:00:00,132.656034
SL-012,2026-09-30 04:00:00,125.06115
SL-012,2026-09-30 05:00:00,134.106748
SL-012,2026-09-30 06:00:00,129.025716
SL-012,2026-09-30 07:00:00,123.57321
SL-012,2026-09-30 08:00:00,118.875095
SL-012,2026-09-30 09:00:00,113.7469
SL-012,2026-09-30 10:00:00,111.621655
SL-012,2026-09-30 11:00:00,114.424855
SL-012,2026-09-30 12:00:00,109.256628
SL-012,2026-09-30 13:00:00,104.952013
SL-012,2026-09-30 14:00:00,105.541732
SL-012,2026-09-30 15:00:00,111.384608
SL-012,2026-09-30 16:00:00,106.094597
SL-012,2026-09-30 17:00:00,106.527374
SL-012,2026-09-30 18:00:00,114.247467
SL-012,2026-09-30 19:00:00,114.089505
SL-012,2026-09-30 20:00:00,115.770545
SL-012,2026-09-30 21:00:00,116.977799
SL-012,2026-09-30 22:00:00,117.325598
SL-012,2026-09-30 23:00:00,121.459
SL-012,2026-10-01 00:00:00,126.124661
SL-012,2026-10-01 01:00:00,128.938878
SL-012,2026-10-01 02:00:00,132.001985
SL-012,2026-10-01 03:00:00,133.143202
SL-012,2026-10-01 04:00:00,131.899431
SL-012,2026-10-01 05:00:00,130.847441
SL-012,2026-10-01 06:00:00,125.410684
SL-012,2026-10-01 07:00:00,119.634886
SL-012,2026-10-01 08:00:00,121.788582
SL-012,2026-10-01 09:00:00,117.522848
SL-012,2026-10-01 10:00:00,115.454577
SL-012,2026-10-01 11:00:00,113.820876
SL-012,2026-10-01 12:00:00,108.548897
SL-012,2026-10-01 13:00:00,107.157474
SL-012,2026-10-01 14:00:00,109.10361
SL-012,2026-10-01 15:00:00,109.457992
SL-012,2026-10-01 16:00:00,107.670041
SL-012,2026-10-01 17:00:00,112.456425
SL-012,2026-10-01 18:00:00,112.343822
SL-012,2026-10-01 19:00:00,112.572389
SL-012,2026-10-01 20:00:00,118.805859
SL-012,2026-10-01 21:00:00,127.607755
SL-012,2026-10-01 22:00:00,123.226409
SL-012,2026-10-01 23:00:00,131.84182
SL-012,2026-10-02 00:00:00,135.171845
SL-012,2026-10-02 01:00:00,137.659554
SL-012,2026-10-02 02:00:00,132.122542
SL-012,2026-10-02 03:00:00,141.275935
SL-012,2026-10-02 04:00:00,135.401125
SL-012,2026-10-02 05:00:00,133.320419
SL-012,2026-10-02 06:00:00,131.706498
SL-012,2026-10-02 07:00:00,131.931322
SL-012,2026-10-02 08:00:00,127.589577
SL-012,2026-10-02 09:00:00,123.991412
SL-012,2026-10-02 10:00:00,125.446067
SL-012,2026-10-02 11:00:00,116.699279
SL-012,2026-10-02 12:00:00,113.407595
SL-012,2026-10-02 13:00:00,117.153954
SL-012,2026-10-02 14:00:00,115.823318
SL-012,2026-10-02 15:00:00,116.716884
SL-012,2026-10-02 16:00:00,110.755966
SL-012,2026-10-02 17:00:00,118.54447
SL-012,2026-10-02 18:00:00,118.785104
SL-012,2026-10-02 19:00:00,125.248772
SL-012,2026-10-02 20:00:00,119.253729
SL-012,2026-10-02 21:00:00,126.910134
SL-012,2026-10-02 22:00:00,128.687351
SL-012,2026-10-02 23:00:00,127.810965
SL-012,2026-10-03 00:00:00,133.092786
SL-012,2026-10-03 01:00:00,140.701392
SL-012,2026-10-03 02:00:00,137.289061
SL-012,2026-10-03 03:00:00,137.112182
SL-012,2026-10-03 04:00:00,141.646
SL-012,2026-10-03 05:00:00,140.970959
SL-012,2026-10-03 06:00:00,139.208351
SL-012,2026-10-03 07:00:00,131.53051
SL-012,2026-10-03 08:00:00,130.95241
SL-012,2026-10-03 09:00:00,131.216413
SL-012,2026-10-03 10:00:00,123.136585
SL-012,2026-10-03 11:00:00,120.031105
SL-012,2026-10-03 12:00:00,122.330629
SL-012,2026-10-03 13:00:00,122.663338
SL-012,2026-10-03 14:00:00,113.346222
SL-012,2026-10-03 15:00:00,108.616114
SL-012,2026-10-03 16:00:00,112.475272
SL-012,2026-10-03 17:00:00,114.992391
SL-012,2026-10-03 18:00:00,119.527442
SL-012,2026-10-03 19:00:00,124.278366
SL-012,2026-10-03 20:00:00,124.893748
SL-012,2026-10-03 21:00:00,126.350676
SL-012,2026-10-03 22:00:00,132.034993
SL-012,2026-10-03 23:00:00,131.605154
SL-012,2026-10-04 00:00:00,136.860199
SL-012,2026-10-04 01:00:00,137.009543
SL-012,2026-10-04 02:00:00,148.199301
SL-012,2026-10-04 03:00:00,143.038899
SL-012,2026-10-04 04:00:00,137.689144
SL-012,2026-10-04 05:00:00,136.009287
SL-012,2026-10-04 06:00:00,135.770625
SL-012,2026-10-04 07:00:00,129.642353
SL-012,2026-10-04 08:00:00,129.451622
SL-012,2026-10-04 09:00:00,126.264982
SL-012,2026-10-04 10:00:00,127.949755
SL-012,2026-10-04 11:00:00,121.03038
SL-012,2026-10-04 12:00:00,117.343126
SL-012,2026-10-04 13:00:00,113.661656
SL-012,2026-10-04 14:00:00,112.817635
SL-012,2026-10-04 15:00:00,115.593833
SL-012,2026-10-04 16:00:00,115.404755
SL-012,2026-10-04 17:00:00,120.497348
SL-012,2026-10-04 18:00:00,116.960158
SL-012,2026-10-04 19:00:00,124.35921
SL-012,2026-10-04 20:00:00,124.700978
SL-012,2026-10-04 21:00:00,126.881606
SL-012,2026-10-04 22:00:00,123.843438
SL-012,2026-10-04 23:00:00,128.766096
SL-012,2026-10-05 00:00:00,137.225377
SL-012,2026-10-05 01:00:00,140.985262
SL-012,2026-10-05 02:00:00,138.495594
SL-012,2026-10-05 03:00:00,140.45771
SL-012,2026-10-05 04:00:00,136.419606
SL-012,2026-10-05 05:00:00,135.205186
SL-012,2026-10-05 06:00:00,132.289734
SL-012,2026-10-05 07:00:00,134.572776
SL-012,2026-10-05 08:00:00,129.625534
SL-012,2026-10-05 09:00:00,124.617786
SL-012,2026-10-05 10:00:00,121.044447
SL-012,2026-10-05 11:00:00,120.606924
SL-012,2026-10-05 12:00:00,117.211637
SL-012,2026-10-05 13:00:00,111.619613
SL-012,2026-10-05 14:00:00,117.83834
SL-012,2026-10-05 15:00:00,112.822082
SL-012,2026-10-05 16:00:00,112.260169
SL-012,2026-10-05 17:00:00,117.630879
SL-012,2026-10-05 18:00:00,117.955318
SL-012,2026-10-05 19:00:00,116.890306
SL-012,2026-10-05 20:00:00,121.452569
SL-012,2026-10-05 21:00:00,119.548771
SL-012,2026-10-05 22:00:00,123.762979
SL-012,2026-10-05 23:00:00,121.632248
SL-012,2026-10-06 00:00:00,134.404883
SL-012,2026-10-06 01:00:00,126.810935
SL-012,2026-10-06 02:00:00,135.612108
SL-012,2026-10-06 03:00:00,131.353826
SL-012,2026-10-06 04:00:00,130.371328
SL-012,2026-10-06 05:00:00,131.39542
SL-012,2026-10-06 06:00:00,130.741005
SL-012,2026-10-06 07:00:00,129.156082
SL-012,2026-10-06 08:00:00,129.597111
SL-012,2026-10-06 09:00:00,122.101237
SL-012,2026-10-06 10:00:00,120.404341
SL-012,2026-10-06 11:00:00,112.905079
SL-012,2026-10-06 12:00:00,114.184523
SL-012,2026-10-06 13:00:00,110.420415
SL-012,2026-10-06 14:00:00,107.195313
SL-012,2026-10-06 15:00:00,107.712895
SL-012,2026-10-06 16:00:00,108.053424
SL-012,2026-10-06 17:00:00,109.849837
SL-012,2026-10-06 18:00:00,112.236982
SL-012,2026-10-06 19:00:00,111.854547
SL-012,2026-10-06 20:00:00,113.932052
SL-012,2026-10-06 21:00:00,121.398788
SL-012,2026-10-06 22:00:00,117.086468
SL-012,2026-10-06 23:00:00,123.14709
SL-012,2026-10-07 00:00:00,132.092728
SL-012,2026-10-07 01:00:00,121.182924
SL-012,2026-10-07 02:00:00,128.399206
SL-012,2026-10-07 03:00:00,132.935147
SL-012,2026-10-07 04:00:00,125.503623
SL-012,2026-10-07 05:00:00,137.045487
SL-012,2026-10-07 06:00:00,119.575126
SL-012,2026-10-07 07:00:00,129.159669
SL-012,2026-10-07 08:00:00,126.619581
SL-012,2026-10-07 09:00:00,121.578171
SL-012,2026-10-07 10:00:00,115.041168
SL-012,2026-10-07 11:00:00,113.861574
SL-012,2026-10-07 12:00:00,107.588098
